,windspeed,direction,wind direction,frequency
2022-05-13 12:00:00,1.46,68.0,E,0.26794871794871794
2022-05-13 13:00:00,2.98,72.62,E,0.26794871794871794
2022-05-13 14:00:00,5.81,71.18,E,0.26794871794871794
2022-05-13 15:00:00,6.98,57.97,NE,0.15
2022-05-13 16:00:00,6.23,56.73,NE,0.15
2022-05-13 17:00:00,5.65,52.05,NE,0.15
2022-05-13 18:00:00,5.29,53.52,NE,0.15
2022-05-13 19:00:00,4.09,65.13,NE,0.15
2022-05-13 20:00:00,2.02,206.38,SW,0.21987179487179487
2022-05-13 21:00:00,1.08,184.17,S,0.1064102564102564
2022-05-13 22:00:00,0.92,131.65,SE,0.0782051282051282
2022-05-13 23:00:00,1.76,111.63,E,0.26794871794871794
2022-05-14 00:00:00,0.92,107.68,E,0.26794871794871794
2022-05-14 01:00:00,0.95,191.03,S,0.1064102564102564
2022-05-14 02:00:00,0.45,263.72,W,0.1685897435897436
2022-05-14 03:00:00,0.13,244.0,SW,0.21987179487179487
2022-05-14 04:00:00,0.36,244.0,SW,0.21987179487179487
2022-05-14 05:00:00,0.62,250.87,W,0.1685897435897436
2022-05-14 06:00:00,0.84,253.83,W,0.1685897435897436
2022-05-14 07:00:00,0.65,249.87,W,0.1685897435897436
2022-05-14 08:00:00,1.14,113.77,SE,0.0782051282051282
2022-05-14 09:00:00,1.71,64.63,NE,0.15
2022-05-14 10:00:00,1.89,71.85,E,0.26794871794871794
2022-05-14 11:00:00,2.51,60.62,NE,0.15
2022-05-14 12:00:00,2.91,69.22,E,0.26794871794871794
2022-05-14 13:00:00,3.46,73.27,E,0.26794871794871794
2022-05-14 14:00:00,4.11,74.73,E,0.26794871794871794
2022-05-14 15:00:00,3.34,83.75,E,0.26794871794871794
2022-05-14 16:00:00,4.83,74.45,E,0.26794871794871794
2022-05-14 17:00:00,2.6,171.78,S,0.1064102564102564
2022-05-14 18:00:00,0.57,256.47,W,0.1685897435897436
2022-05-14 19:00:00,0.5,194.43,S,0.1064102564102564
2022-05-14 20:00:00,0.91,214.17,SW,0.21987179487179487
2022-05-14 21:00:00,1.2,251.95,W,0.1685897435897436
2022-05-14 22:00:00,0.61,261.52,W,0.1685897435897436
2022-05-14 23:00:00,0.48,250.02,W,0.1685897435897436
2022-05-15 00:00:00,0.74,243.73,SW,0.21987179487179487
2022-05-15 01:00:00,0.9,254.0,W,0.1685897435897436
2022-05-15 02:00:00,0.57,244.83,SW,0.21987179487179487
2022-05-15 03:00:00,0.84,243.35,SW,0.21987179487179487
2022-05-15 04:00:00,1.23,241.83,SW,0.21987179487179487
2022-05-15 05:00:00,0.54,237.1,SW,0.21987179487179487
2022-05-15 06:00:00,0.72,239.5,SW,0.21987179487179487
2022-05-15 07:00:00,0.32,233.67,SW,0.21987179487179487
2022-05-15 08:00:00,1.41,134.78,SE,0.0782051282051282
2022-05-15 09:00:00,1.59,133.62,SE,0.0782051282051282
2022-05-15 10:00:00,1.91,137.43,SE,0.0782051282051282
2022-05-15 11:00:00,2.91,94.07,E,0.26794871794871794
2022-05-15 12:00:00,2.31,72.18,E,0.26794871794871794
2022-05-15 13:00:00,2.19,76.38,E,0.26794871794871794
2022-05-15 14:00:00,2.3,114.3,SE,0.0782051282051282
2022-05-15 15:00:00,3.71,56.6,NE,0.15
2022-05-15 16:00:00,4.06,50.32,NE,0.15
2022-05-15 17:00:00,4.49,54.93,NE,0.15
2022-05-15 18:00:00,3.76,73.58,E,0.26794871794871794
2022-05-15 19:00:00,3.09,242.5,SW,0.21987179487179487
2022-05-15 20:00:00,2.05,227.55,SW,0.21987179487179487
2022-05-15 21:00:00,1.14,217.48,SW,0.21987179487179487
2022-05-15 22:00:00,0.89,270.45,W,0.1685897435897436
2022-05-15 23:00:00,0.89,233.8,SW,0.21987179487179487
2022-05-16 00:00:00,0.43,269.88,W,0.1685897435897436
2022-05-16 01:00:00,0.77,241.98,SW,0.21987179487179487
2022-05-16 02:00:00,0.52,248.25,W,0.1685897435897436
2022-05-16 03:00:00,0.51,254.47,W,0.1685897435897436
2022-05-16 04:00:00,0.78,243.92,SW,0.21987179487179487
2022-05-16 05:00:00,0.62,244.15,SW,0.21987179487179487
2022-05-16 06:00:00,0.34,239.85,SW,0.21987179487179487
2022-05-16 07:00:00,0.69,187.4,S,0.1064102564102564
2022-05-16 08:00:00,0.98,53.68,NE,0.15
2022-05-16 09:00:00,1.74,66.12,NE,0.15
2022-05-16 10:00:00,1.88,68.18,E,0.26794871794871794
2022-05-16 11:00:00,2.26,63.2,NE,0.15
2022-05-16 12:00:00,2.67,67.9,E,0.26794871794871794
2022-05-16 13:00:00,3.11,77.92,E,0.26794871794871794
2022-05-16 14:00:00,4.65,51.95,NE,0.15
2022-05-16 15:00:00,4.67,66.0,NE,0.15
2022-05-16 16:00:00,5.73,67.52,E,0.26794871794871794
2022-05-16 17:00:00,5.5,74.38,E,0.26794871794871794
2022-05-16 18:00:00,3.92,77.32,E,0.26794871794871794
2022-05-16 19:00:00,3.17,167.43,S,0.1064102564102564
2022-05-16 20:00:00,2.32,230.72,SW,0.21987179487179487
2022-05-16 21:00:00,0.99,247.3,SW,0.21987179487179487
2022-05-16 22:00:00,0.69,236.72,SW,0.21987179487179487
2022-05-16 23:00:00,0.7,245.65,SW,0.21987179487179487
2022-05-17 00:00:00,1.07,268.18,W,0.1685897435897436
2022-05-17 01:00:00,0.91,254.98,W,0.1685897435897436
2022-05-17 02:00:00,0.49,242.13,SW,0.21987179487179487
2022-05-17 03:00:00,0.21,242.35,SW,0.21987179487179487
2022-05-17 04:00:00,0.32,245.68,SW,0.21987179487179487
2022-05-17 05:00:00,0.16,251.0,W,0.1685897435897436
2022-05-17 06:00:00,0.18,251.0,W,0.1685897435897436
2022-05-17 07:00:00,0.23,239.27,SW,0.21987179487179487
2022-05-17 08:00:00,0.88,76.02,E,0.26794871794871794
2022-05-17 09:00:00,1.98,79.8,E,0.26794871794871794
2022-05-17 10:00:00,1.95,70.7,E,0.26794871794871794
2022-05-17 11:00:00,2.17,72.98,E,0.26794871794871794
2022-05-17 12:00:00,2.64,71.8,E,0.26794871794871794
2022-05-17 13:00:00,3.19,61.85,NE,0.15
2022-05-17 14:00:00,2.62,79.68,E,0.26794871794871794
2022-05-17 15:00:00,2.91,84.68,E,0.26794871794871794
2022-05-17 16:00:00,6.14,70.48,E,0.26794871794871794
2022-05-17 17:00:00,4.43,87.5,E,0.26794871794871794
2022-05-17 18:00:00,3.92,178.45,S,0.1064102564102564
2022-05-17 19:00:00,3.33,199.07,S,0.1064102564102564
2022-05-17 20:00:00,1.64,178.03,S,0.1064102564102564
2022-05-17 21:00:00,0.99,269.93,W,0.1685897435897436
2022-05-17 22:00:00,1.07,153.53,SE,0.0782051282051282
2022-05-17 23:00:00,0.72,150.28,SE,0.0782051282051282
2022-05-18 00:00:00,0.76,140.7,SE,0.0782051282051282
2022-05-18 01:00:00,0.52,164.42,S,0.1064102564102564
2022-05-18 02:00:00,0.61,271.8,W,0.1685897435897436
2022-05-18 03:00:00,0.3,184.1,S,0.1064102564102564
2022-05-18 04:00:00,0.83,267.87,W,0.1685897435897436
2022-05-18 05:00:00,0.49,245.2,SW,0.21987179487179487
2022-05-18 06:00:00,0.71,200.68,S,0.1064102564102564
2022-05-18 07:00:00,3.3,213.45,SW,0.21987179487179487
2022-05-18 08:00:00,2.51,176.03,S,0.1064102564102564
2022-05-18 09:00:00,2.49,187.25,S,0.1064102564102564
2022-05-18 10:00:00,3.93,205.18,SW,0.21987179487179487
2022-05-18 11:00:00,4.15,176.97,S,0.1064102564102564
2022-05-18 12:00:00,4.71,190.07,S,0.1064102564102564
2022-05-18 13:00:00,4.69,190.25,S,0.1064102564102564
2022-05-18 14:00:00,4.65,185.18,S,0.1064102564102564
2022-05-18 15:00:00,5.67,196.85,S,0.1064102564102564
2022-05-18 16:00:00,5.98,180.07,S,0.1064102564102564
2022-05-18 17:00:00,5.53,194.53,S,0.1064102564102564
2022-05-18 18:00:00,4.99,211.15,SW,0.21987179487179487
2022-05-18 19:00:00,4.75,218.72,SW,0.21987179487179487
2022-05-18 20:00:00,6.44,230.42,SW,0.21987179487179487
2022-05-18 21:00:00,6.31,246.83,SW,0.21987179487179487
2022-05-18 22:00:00,4.42,285.92,W,0.1685897435897436
2022-05-18 23:00:00,4.88,297.23,NW,0.008974358974358974
2022-05-19 00:00:00,4.96,225.55,SW,0.21987179487179487
2022-05-19 01:00:00,1.88,232.03,SW,0.21987179487179487
2022-05-19 02:00:00,2.22,234.7,SW,0.21987179487179487
2022-05-19 03:00:00,1.13,246.03,SW,0.21987179487179487
2022-05-19 04:00:00,1.35,255.85,W,0.1685897435897436
2022-05-19 05:00:00,2.22,249.93,W,0.1685897435897436
2022-05-19 06:00:00,0.65,238.75,SW,0.21987179487179487
2022-05-19 07:00:00,1.51,214.77,SW,0.21987179487179487
2022-05-19 08:00:00,1.65,168.18,S,0.1064102564102564
2022-05-19 09:00:00,1.72,124.1,SE,0.0782051282051282
2022-05-19 10:00:00,3.86,87.12,E,0.26794871794871794
2022-05-19 11:00:00,4.36,68.47,E,0.26794871794871794
2022-05-19 12:00:00,4.11,79.38,E,0.26794871794871794
2022-05-19 13:00:00,4.52,71.87,E,0.26794871794871794
2022-05-19 14:00:00,4.87,74.33,E,0.26794871794871794
2022-05-19 15:00:00,6.19,67.42,NE,0.15
2022-05-19 16:00:00,6.08,56.9,NE,0.15
2022-05-19 17:00:00,5.2,52.53,NE,0.15
2022-05-19 18:00:00,4.1,103.3,E,0.26794871794871794
2022-05-19 19:00:00,3.37,193.98,S,0.1064102564102564
2022-05-19 20:00:00,3.11,298.98,NW,0.008974358974358974
2022-05-19 21:00:00,1.54,241.62,SW,0.21987179487179487
2022-05-19 22:00:00,0.87,231.73,SW,0.21987179487179487
2022-05-19 23:00:00,0.57,243.48,SW,0.21987179487179487
2022-05-20 00:00:00,0.49,204.83,SW,0.21987179487179487
2022-05-20 01:00:00,0.24,236.93,SW,0.21987179487179487
2022-05-20 02:00:00,0.41,276.9,W,0.1685897435897436
2022-05-20 03:00:00,0.78,265.93,W,0.1685897435897436
2022-05-20 04:00:00,0.5,265.62,W,0.1685897435897436
2022-05-20 05:00:00,1.13,249.77,W,0.1685897435897436
2022-05-20 06:00:00,0.54,289.5,W,0.1685897435897436
2022-05-20 07:00:00,0.95,159.45,S,0.1064102564102564
2022-05-20 08:00:00,1.92,72.02,E,0.26794871794871794
2022-05-20 09:00:00,1.66,71.2,E,0.26794871794871794
2022-05-20 10:00:00,2.67,64.43,NE,0.15
2022-05-20 11:00:00,4.01,68.8,E,0.26794871794871794
2022-05-20 12:00:00,4.22,73.63,E,0.26794871794871794
2022-05-20 13:00:00,5.22,63.28,NE,0.15
2022-05-20 14:00:00,5.81,71.45,E,0.26794871794871794
2022-05-20 15:00:00,5.16,70.63,E,0.26794871794871794
2022-05-20 16:00:00,4.91,73.38,E,0.26794871794871794
2022-05-20 17:00:00,3.84,43.97,NE,0.15
2022-05-20 18:00:00,3.09,99.03,E,0.26794871794871794
2022-05-20 19:00:00,2.51,105.02,E,0.26794871794871794
2022-05-20 20:00:00,2.47,251.32,W,0.1685897435897436
2022-05-20 21:00:00,1.5,245.3,SW,0.21987179487179487
2022-05-20 22:00:00,0.56,244.9,SW,0.21987179487179487
2022-05-20 23:00:00,0.57,266.88,W,0.1685897435897436
2022-05-21 00:00:00,0.76,255.7,W,0.1685897435897436
2022-05-21 01:00:00,0.55,241.05,SW,0.21987179487179487
2022-05-21 02:00:00,0.85,249.1,W,0.1685897435897436
2022-05-21 03:00:00,0.48,273.85,W,0.1685897435897436
2022-05-21 04:00:00,0.99,242.55,SW,0.21987179487179487
2022-05-21 05:00:00,0.86,242.95,SW,0.21987179487179487
2022-05-21 06:00:00,1.15,244.25,SW,0.21987179487179487
2022-05-21 07:00:00,0.33,157.0,SE,0.0782051282051282
2022-05-21 08:00:00,1.5,71.52,E,0.26794871794871794
2022-05-21 09:00:00,1.39,57.42,NE,0.15
2022-05-21 10:00:00,1.71,65.3,NE,0.15
2022-05-21 11:00:00,1.91,62.45,NE,0.15
2022-05-21 12:00:00,2.14,81.92,E,0.26794871794871794
2022-05-21 13:00:00,2.44,70.85,E,0.26794871794871794
2022-05-21 14:00:00,3.4,64.2,NE,0.15
2022-05-21 15:00:00,3.58,68.97,E,0.26794871794871794
2022-05-21 16:00:00,4.18,69.7,E,0.26794871794871794
2022-05-21 17:00:00,4.35,71.32,E,0.26794871794871794
2022-05-21 18:00:00,2.74,79.63,E,0.26794871794871794
2022-05-21 19:00:00,3.26,75.27,E,0.26794871794871794
2022-05-21 20:00:00,1.7,103.1,E,0.26794871794871794
2022-05-21 21:00:00,0.72,217.82,SW,0.21987179487179487
2022-05-21 22:00:00,1.06,270.12,W,0.1685897435897436
2022-05-21 23:00:00,0.46,267.63,W,0.1685897435897436
2022-05-22 00:00:00,0.36,253.92,W,0.1685897435897436
2022-05-22 01:00:00,0.73,248.95,W,0.1685897435897436
2022-05-22 02:00:00,0.61,242.05,SW,0.21987179487179487
2022-05-22 03:00:00,0.6,240.08,SW,0.21987179487179487
2022-05-22 04:00:00,0.52,240.33,SW,0.21987179487179487
2022-05-22 05:00:00,0.67,241.77,SW,0.21987179487179487
2022-05-22 06:00:00,0.47,230.3,SW,0.21987179487179487
2022-05-22 07:00:00,0.88,140.87,SE,0.0782051282051282
2022-05-22 08:00:00,0.94,61.23,NE,0.15
2022-05-22 09:00:00,0.46,109.82,E,0.26794871794871794
2022-05-22 10:00:00,2.4,73.67,E,0.26794871794871794
2022-05-22 11:00:00,1.95,77.43,E,0.26794871794871794
2022-05-22 12:00:00,2.45,167.95,S,0.1064102564102564
2022-05-22 13:00:00,2.82,178.22,S,0.1064102564102564
2022-05-22 14:00:00,3.39,191.53,S,0.1064102564102564
2022-05-22 15:00:00,4.54,206.05,SW,0.21987179487179487
2022-05-22 16:00:00,2.47,194.33,S,0.1064102564102564
2022-05-22 17:00:00,2.21,191.0,S,0.1064102564102564
2022-05-22 18:00:00,1.7,193.82,S,0.1064102564102564
2022-05-22 19:00:00,2.24,167.2,S,0.1064102564102564
2022-05-22 20:00:00,2.08,282.95,W,0.1685897435897436
2022-05-22 21:00:00,2.77,244.45,SW,0.21987179487179487
2022-05-22 22:00:00,1.79,241.62,SW,0.21987179487179487
2022-05-22 23:00:00,3.79,224.18,SW,0.21987179487179487
2022-05-23 00:00:00,2.33,206.15,SW,0.21987179487179487
2022-05-23 01:00:00,1.4,192.88,S,0.1064102564102564
2022-05-23 02:00:00,4.57,219.3,SW,0.21987179487179487
2022-05-23 03:00:00,2.64,180.38,S,0.1064102564102564
2022-05-23 04:00:00,0.7,71.32,E,0.26794871794871794
2022-05-23 05:00:00,0.32,157.45,SE,0.0782051282051282
2022-05-23 06:00:00,0.37,161.85,S,0.1064102564102564
2022-05-23 07:00:00,1.09,161.3,S,0.1064102564102564
2022-05-23 08:00:00,1.09,70.65,E,0.26794871794871794
2022-05-23 09:00:00,1.55,82.35,E,0.26794871794871794
2022-05-23 10:00:00,1.74,71.85,E,0.26794871794871794
2022-05-23 11:00:00,1.98,68.0,E,0.26794871794871794
2022-05-23 12:00:00,3.04,71.98,E,0.26794871794871794
2022-05-23 13:00:00,3.08,83.33,E,0.26794871794871794
2022-05-23 14:00:00,2.82,67.72,E,0.26794871794871794
2022-05-23 15:00:00,3.1,152.73,SE,0.0782051282051282
2022-05-23 16:00:00,5.35,223.23,SW,0.21987179487179487
2022-05-23 17:00:00,2.9,227.25,SW,0.21987179487179487
2022-05-23 18:00:00,1.91,116.53,SE,0.0782051282051282
2022-05-23 19:00:00,0.55,132.92,SE,0.0782051282051282
2022-05-23 20:00:00,0.65,85.3,E,0.26794871794871794
2022-05-23 21:00:00,0.68,158.43,S,0.1064102564102564
2022-05-23 22:00:00,1.01,251.95,W,0.1685897435897436
2022-05-23 23:00:00,0.67,251.88,W,0.1685897435897436
2022-05-24 00:00:00,0.18,239.0,SW,0.21987179487179487
2022-05-24 01:00:00,0.78,242.2,SW,0.21987179487179487
2022-05-24 02:00:00,0.58,253.6,W,0.1685897435897436
2022-05-24 03:00:00,0.72,240.18,SW,0.21987179487179487
2022-05-24 04:00:00,0.75,239.17,SW,0.21987179487179487
2022-05-24 05:00:00,0.75,247.07,SW,0.21987179487179487
2022-05-24 06:00:00,0.24,240.0,SW,0.21987179487179487
2022-05-24 07:00:00,0.55,254.6,W,0.1685897435897436
2022-05-24 08:00:00,1.3,69.25,E,0.26794871794871794
2022-05-24 09:00:00,1.51,75.0,E,0.26794871794871794
2022-05-24 10:00:00,2.99,73.68,E,0.26794871794871794
2022-05-24 11:00:00,3.27,62.9,NE,0.15
2022-05-24 12:00:00,2.73,63.83,NE,0.15
2022-05-24 13:00:00,4.58,74.78,E,0.26794871794871794
2022-05-24 14:00:00,4.16,68.93,E,0.26794871794871794
2022-05-24 15:00:00,4.31,84.05,E,0.26794871794871794
2022-05-24 16:00:00,4.28,67.98,E,0.26794871794871794
2022-05-24 17:00:00,3.95,76.4,E,0.26794871794871794
2022-05-24 18:00:00,4.89,65.23,NE,0.15
2022-05-24 19:00:00,3.37,53.33,NE,0.15
2022-05-24 20:00:00,2.4,94.03,E,0.26794871794871794
2022-05-24 21:00:00,4.04,229.28,SW,0.21987179487179487
2022-05-24 22:00:00,1.96,155.95,SE,0.0782051282051282
2022-05-24 23:00:00,0.75,126.93,SE,0.0782051282051282
2022-05-25 00:00:00,0.64,164.62,S,0.1064102564102564
2022-05-25 01:00:00,0.64,162.08,S,0.1064102564102564
2022-05-25 02:00:00,1.17,239.43,SW,0.21987179487179487
2022-05-25 03:00:00,0.29,235.28,SW,0.21987179487179487
2022-05-25 04:00:00,0.44,242.1,SW,0.21987179487179487
2022-05-25 05:00:00,0.58,247.85,W,0.1685897435897436
2022-05-25 06:00:00,0.22,254.73,W,0.1685897435897436
2022-05-25 07:00:00,0.36,288.17,W,0.1685897435897436
2022-05-25 08:00:00,0.7,67.87,E,0.26794871794871794
2022-05-25 09:00:00,1.34,63.82,NE,0.15
2022-05-25 10:00:00,2.54,68.18,E,0.26794871794871794
2022-05-25 11:00:00,2.94,71.27,E,0.26794871794871794
2022-05-25 12:00:00,2.25,81.43,E,0.26794871794871794
2022-05-25 13:00:00,2.66,84.72,E,0.26794871794871794
2022-05-25 14:00:00,4.97,78.97,E,0.26794871794871794
2022-05-25 15:00:00,4.0,71.15,E,0.26794871794871794
2022-05-25 16:00:00,3.12,83.08,E,0.26794871794871794
2022-05-25 17:00:00,3.05,85.35,E,0.26794871794871794
2022-05-25 18:00:00,3.15,90.02,E,0.26794871794871794
2022-05-25 19:00:00,2.88,77.13,E,0.26794871794871794
2022-05-25 20:00:00,2.32,158.33,S,0.1064102564102564
2022-05-25 21:00:00,1.17,221.45,SW,0.21987179487179487
2022-05-25 22:00:00,1.57,211.32,SW,0.21987179487179487
2022-05-25 23:00:00,3.05,198.48,S,0.1064102564102564
2022-05-26 00:00:00,2.36,93.83,E,0.26794871794871794
2022-05-26 01:00:00,1.44,215.22,SW,0.21987179487179487
2022-05-26 02:00:00,0.41,257.33,W,0.1685897435897436
2022-05-26 03:00:00,0.61,246.37,SW,0.21987179487179487
2022-05-26 04:00:00,0.48,242.28,SW,0.21987179487179487
2022-05-26 05:00:00,0.8,242.37,SW,0.21987179487179487
2022-05-26 06:00:00,0.82,245.0,SW,0.21987179487179487
2022-05-26 07:00:00,0.41,236.47,SW,0.21987179487179487
2022-05-26 08:00:00,1.27,73.85,E,0.26794871794871794
2022-05-26 09:00:00,1.99,72.9,E,0.26794871794871794
2022-05-26 10:00:00,1.95,74.58,E,0.26794871794871794
2022-05-26 11:00:00,1.88,81.45,E,0.26794871794871794
2022-05-26 12:00:00,1.57,78.23,E,0.26794871794871794
2022-05-26 13:00:00,3.47,68.55,E,0.26794871794871794
2022-05-26 14:00:00,4.59,75.02,E,0.26794871794871794
2022-05-26 15:00:00,2.86,82.25,E,0.26794871794871794
2022-05-26 16:00:00,2.5,70.83,E,0.26794871794871794
2022-05-26 17:00:00,2.44,73.98,E,0.26794871794871794
2022-05-26 18:00:00,2.18,90.73,E,0.26794871794871794
2022-05-26 19:00:00,1.91,100.18,E,0.26794871794871794
2022-05-26 20:00:00,1.4,91.18,E,0.26794871794871794
2022-05-26 21:00:00,0.96,92.45,E,0.26794871794871794
2022-05-26 22:00:00,0.7,190.2,S,0.1064102564102564
2022-05-26 23:00:00,0.42,239.78,SW,0.21987179487179487
2022-05-27 00:00:00,0.58,256.83,W,0.1685897435897436
2022-05-27 01:00:00,0.66,241.67,SW,0.21987179487179487
2022-05-27 02:00:00,0.77,188.52,S,0.1064102564102564
2022-05-27 03:00:00,0.93,218.85,SW,0.21987179487179487
2022-05-27 04:00:00,1.09,257.78,W,0.1685897435897436
2022-05-27 05:00:00,0.88,260.9,W,0.1685897435897436
2022-05-27 06:00:00,0.44,260.57,W,0.1685897435897436
2022-05-27 07:00:00,0.73,262.98,W,0.1685897435897436
2022-05-27 08:00:00,1.11,65.38,NE,0.15
2022-05-27 09:00:00,1.73,66.48,NE,0.15
2022-05-27 10:00:00,1.78,55.85,NE,0.15
2022-05-27 11:00:00,2.05,73.77,E,0.26794871794871794
2022-05-27 12:00:00,2.08,85.5,E,0.26794871794871794
2022-05-27 13:00:00,2.78,67.92,E,0.26794871794871794
2022-05-27 14:00:00,3.8,71.02,E,0.26794871794871794
2022-05-27 15:00:00,3.69,79.08,E,0.26794871794871794
2022-05-27 16:00:00,4.52,72.93,E,0.26794871794871794
2022-05-27 17:00:00,5.73,65.53,NE,0.15
2022-05-27 18:00:00,6.36,63.2,NE,0.15
2022-05-27 19:00:00,4.94,69.7,E,0.26794871794871794
2022-05-27 20:00:00,1.72,102.4,E,0.26794871794871794
2022-05-27 21:00:00,0.57,181.62,S,0.1064102564102564
2022-05-27 22:00:00,3.21,182.62,S,0.1064102564102564
2022-05-27 23:00:00,1.54,58.45,NE,0.15
2022-05-28 00:00:00,1.35,93.42,E,0.26794871794871794
2022-05-28 01:00:00,0.74,83.2,E,0.26794871794871794
2022-05-28 02:00:00,0.67,154.07,SE,0.0782051282051282
2022-05-28 03:00:00,0.6,272.85,W,0.1685897435897436
2022-05-28 04:00:00,0.16,306.87,NW,0.008974358974358974
2022-05-28 05:00:00,0.46,251.5,W,0.1685897435897436
2022-05-28 06:00:00,0.6,238.33,SW,0.21987179487179487
2022-05-28 07:00:00,0.61,186.15,S,0.1064102564102564
2022-05-28 08:00:00,1.36,73.73,E,0.26794871794871794
2022-05-28 09:00:00,2.33,64.58,NE,0.15
2022-05-28 10:00:00,1.94,77.52,E,0.26794871794871794
2022-05-28 11:00:00,1.97,78.12,E,0.26794871794871794
2022-05-28 12:00:00,2.75,69.1,E,0.26794871794871794
2022-05-28 13:00:00,3.56,64.82,NE,0.15
2022-05-28 14:00:00,2.69,70.07,E,0.26794871794871794
2022-05-28 15:00:00,4.13,76.95,E,0.26794871794871794
2022-05-28 16:00:00,2.16,78.35,E,0.26794871794871794
2022-05-28 17:00:00,2.7,67.27,NE,0.15
2022-05-28 18:00:00,1.98,100.07,E,0.26794871794871794
2022-05-28 19:00:00,2.08,88.52,E,0.26794871794871794
2022-05-28 20:00:00,2.05,82.38,E,0.26794871794871794
2022-05-28 21:00:00,1.5,81.43,E,0.26794871794871794
2022-05-28 22:00:00,1.62,84.93,E,0.26794871794871794
2022-05-28 23:00:00,0.65,102.08,E,0.26794871794871794
2022-05-29 00:00:00,0.71,206.27,SW,0.21987179487179487
2022-05-29 01:00:00,0.86,271.58,W,0.1685897435897436
2022-05-29 02:00:00,0.36,232.72,SW,0.21987179487179487
2022-05-29 03:00:00,1.2,165.37,S,0.1064102564102564
2022-05-29 04:00:00,1.75,80.8,E,0.26794871794871794
2022-05-29 05:00:00,0.7,231.63,SW,0.21987179487179487
2022-05-29 06:00:00,0.71,245.95,SW,0.21987179487179487
2022-05-29 07:00:00,1.14,291.37,W,0.1685897435897436
2022-05-29 08:00:00,1.58,81.57,E,0.26794871794871794
2022-05-29 09:00:00,2.81,69.67,E,0.26794871794871794
2022-05-29 10:00:00,2.67,64.45,NE,0.15
2022-05-29 11:00:00,3.63,65.02,NE,0.15
2022-05-29 12:00:00,4.37,69.3,E,0.26794871794871794
2022-05-29 13:00:00,5.59,71.12,E,0.26794871794871794
2022-05-29 14:00:00,5.21,64.7,NE,0.15
2022-05-29 15:00:00,4.13,76.63,E,0.26794871794871794
2022-05-29 16:00:00,2.77,79.75,E,0.26794871794871794
2022-05-29 17:00:00,6.61,71.25,E,0.26794871794871794
2022-05-29 18:00:00,3.44,123.13,SE,0.0782051282051282
2022-05-29 19:00:00,1.37,252.8,W,0.1685897435897436
2022-05-29 20:00:00,0.76,289.45,W,0.1685897435897436
2022-05-29 21:00:00,0.9,224.57,SW,0.21987179487179487
2022-05-29 22:00:00,1.12,245.78,SW,0.21987179487179487
2022-05-29 23:00:00,0.75,240.5,SW,0.21987179487179487
2022-05-30 00:00:00,0.78,259.68,W,0.1685897435897436
2022-05-30 01:00:00,0.38,253.83,W,0.1685897435897436
2022-05-30 02:00:00,0.44,263.17,W,0.1685897435897436
2022-05-30 03:00:00,0.79,226.3,SW,0.21987179487179487
2022-05-30 04:00:00,0.6,119.82,SE,0.0782051282051282
2022-05-30 05:00:00,0.63,203.65,SW,0.21987179487179487
2022-05-30 06:00:00,0.63,157.17,SE,0.0782051282051282
2022-05-30 07:00:00,1.38,118.8,SE,0.0782051282051282
2022-05-30 08:00:00,2.19,65.62,NE,0.15
2022-05-30 09:00:00,2.71,84.12,E,0.26794871794871794
2022-05-30 10:00:00,2.31,107.55,E,0.26794871794871794
2022-05-30 11:00:00,3.36,126.95,SE,0.0782051282051282
2022-05-30 12:00:00,3.31,119.55,SE,0.0782051282051282
2022-05-30 13:00:00,4.03,91.83,E,0.26794871794871794
2022-05-30 14:00:00,6.1,68.8,E,0.26794871794871794
2022-05-30 15:00:00,4.66,45.42,NE,0.15
2022-05-30 16:00:00,4.53,63.08,NE,0.15
2022-05-30 17:00:00,3.58,67.05,NE,0.15
2022-05-30 18:00:00,3.7,69.7,E,0.26794871794871794
2022-05-30 19:00:00,4.03,74.58,E,0.26794871794871794
2022-05-30 20:00:00,3.09,83.98,E,0.26794871794871794
2022-05-30 21:00:00,1.56,281.5,W,0.1685897435897436
2022-05-30 22:00:00,1.21,254.02,W,0.1685897435897436
2022-05-30 23:00:00,1.04,243.7,SW,0.21987179487179487
2022-05-31 00:00:00,0.5,249.3,W,0.1685897435897436
2022-05-31 01:00:00,0.38,248.33,W,0.1685897435897436
2022-05-31 02:00:00,0.9,248.42,W,0.1685897435897436
2022-05-31 03:00:00,0.67,282.22,W,0.1685897435897436
2022-05-31 04:00:00,1.01,248.25,W,0.1685897435897436
2022-05-31 05:00:00,0.39,242.87,SW,0.21987179487179487
2022-05-31 06:00:00,0.6,254.07,W,0.1685897435897436
2022-05-31 07:00:00,1.08,301.52,NW,0.008974358974358974
2022-06-01 00:00:00,0.67,211.55,SW,0.21987179487179487
2022-06-01 01:00:00,1.17,157.93,S,0.1064102564102564
2022-06-01 02:00:00,1.86,229.68,SW,0.21987179487179487
2022-06-01 03:00:00,3.61,217.32,SW,0.21987179487179487
2022-06-01 04:00:00,2.0,168.02,S,0.1064102564102564
2022-06-01 05:00:00,1.85,75.55,E,0.26794871794871794
2022-06-01 06:00:00,0.94,200.75,S,0.1064102564102564
2022-06-01 07:00:00,1.1,204.7,SW,0.21987179487179487
2022-06-01 08:00:00,1.45,84.82,E,0.26794871794871794
2022-06-01 09:00:00,2.17,66.37,NE,0.15
2022-06-01 10:00:00,2.05,65.13,NE,0.15
2022-06-01 11:00:00,2.48,75.63,E,0.26794871794871794
2022-06-01 12:00:00,3.06,63.3,NE,0.15
2022-06-01 13:00:00,3.14,71.63,E,0.26794871794871794
2022-06-01 14:00:00,4.38,71.22,E,0.26794871794871794
2022-06-01 15:00:00,4.34,58.17,NE,0.15
2022-06-01 16:00:00,4.79,58.47,NE,0.15
2022-06-01 17:00:00,5.23,67.98,E,0.26794871794871794
2022-06-01 18:00:00,4.5,67.62,E,0.26794871794871794
2022-06-01 19:00:00,3.5,67.23,NE,0.15
2022-06-01 20:00:00,2.07,198.95,S,0.1064102564102564
2022-06-01 21:00:00,1.14,270.55,W,0.1685897435897436
2022-06-01 22:00:00,0.93,265.45,W,0.1685897435897436
2022-06-01 23:00:00,0.69,263.35,W,0.1685897435897436
2022-06-02 00:00:00,0.44,271.02,W,0.1685897435897436
2022-06-02 01:00:00,0.53,251.68,W,0.1685897435897436
2022-06-02 02:00:00,0.61,249.68,W,0.1685897435897436
2022-06-02 03:00:00,1.25,245.63,SW,0.21987179487179487
2022-06-02 04:00:00,1.05,239.15,SW,0.21987179487179487
2022-06-02 05:00:00,0.67,248.57,W,0.1685897435897436
2022-06-02 06:00:00,0.75,247.32,SW,0.21987179487179487
2022-06-02 07:00:00,1.29,122.92,SE,0.0782051282051282
2022-06-02 08:00:00,1.36,68.12,E,0.26794871794871794
2022-06-02 09:00:00,1.99,66.08,NE,0.15
2022-06-02 10:00:00,1.96,57.62,NE,0.15
2022-06-02 11:00:00,2.64,55.42,NE,0.15
2022-06-02 12:00:00,3.03,66.57,NE,0.15
2022-06-02 13:00:00,3.87,65.4,NE,0.15
2022-06-02 14:00:00,5.06,68.68,E,0.26794871794871794
2022-06-02 15:00:00,5.04,68.55,E,0.26794871794871794
2022-06-02 16:00:00,4.41,78.98,E,0.26794871794871794
2022-06-02 17:00:00,5.09,58.35,NE,0.15
2022-06-02 18:00:00,4.29,70.42,E,0.26794871794871794
2022-06-02 19:00:00,3.37,88.48,E,0.26794871794871794
2022-06-02 20:00:00,2.78,97.03,E,0.26794871794871794
2022-06-02 21:00:00,1.58,253.0,W,0.1685897435897436
2022-06-02 22:00:00,0.26,234.2,SW,0.21987179487179487
2022-06-02 23:00:00,0.62,257.22,W,0.1685897435897436
2022-06-03 00:00:00,0.5,246.17,SW,0.21987179487179487
2022-06-03 01:00:00,0.5,253.03,W,0.1685897435897436
2022-06-03 02:00:00,0.39,253.12,W,0.1685897435897436
2022-06-03 03:00:00,0.68,244.98,SW,0.21987179487179487
2022-06-03 04:00:00,0.49,260.72,W,0.1685897435897436
2022-06-03 05:00:00,0.36,238.68,SW,0.21987179487179487
2022-06-03 06:00:00,1.01,240.25,SW,0.21987179487179487
2022-06-03 07:00:00,1.25,200.58,S,0.1064102564102564
2022-06-03 08:00:00,1.99,218.45,SW,0.21987179487179487
2022-06-03 09:00:00,1.7,162.58,S,0.1064102564102564
2022-06-03 10:00:00,2.7,202.63,SW,0.21987179487179487
2022-06-03 11:00:00,3.36,243.6,SW,0.21987179487179487
2022-06-03 12:00:00,2.5,209.93,SW,0.21987179487179487
2022-06-03 13:00:00,3.44,98.82,E,0.26794871794871794
2022-06-03 14:00:00,5.21,67.67,E,0.26794871794871794
2022-06-03 15:00:00,5.1,52.32,NE,0.15
2022-06-03 16:00:00,4.13,52.85,NE,0.15
2022-06-03 17:00:00,5.02,70.75,E,0.26794871794871794
2022-06-03 18:00:00,3.28,76.12,E,0.26794871794871794
2022-06-03 19:00:00,3.62,235.68,SW,0.21987179487179487
2022-06-03 20:00:00,1.62,107.67,E,0.26794871794871794
2022-06-03 21:00:00,1.01,201.93,S,0.1064102564102564
2022-06-03 22:00:00,0.5,254.82,W,0.1685897435897436
2022-06-03 23:00:00,0.79,150.92,SE,0.0782051282051282
2022-06-04 00:00:00,0.47,231.58,SW,0.21987179487179487
2022-06-04 01:00:00,0.7,290.65,W,0.1685897435897436
2022-06-04 02:00:00,1.01,261.02,W,0.1685897435897436
2022-06-04 03:00:00,0.92,214.72,SW,0.21987179487179487
2022-06-04 04:00:00,0.72,252.98,W,0.1685897435897436
2022-06-04 05:00:00,0.88,245.93,SW,0.21987179487179487
2022-06-04 06:00:00,0.59,240.0,SW,0.21987179487179487
2022-06-04 07:00:00,1.52,188.58,S,0.1064102564102564
2022-06-04 08:00:00,1.41,75.48,E,0.26794871794871794
2022-06-04 09:00:00,1.37,72.33,E,0.26794871794871794
2022-06-04 10:00:00,1.45,60.6,NE,0.15
2022-06-04 11:00:00,1.97,54.9,NE,0.15
2022-06-04 12:00:00,3.3,62.8,NE,0.15
2022-06-04 13:00:00,4.17,64.92,NE,0.15
2022-06-04 14:00:00,4.39,70.43,E,0.26794871794871794
2022-06-04 15:00:00,4.77,78.7,E,0.26794871794871794
2022-06-04 16:00:00,5.33,67.35,NE,0.15
2022-06-04 17:00:00,5.22,53.08,NE,0.15
2022-06-04 18:00:00,4.68,73.53,E,0.26794871794871794
2022-06-04 19:00:00,3.36,75.03,E,0.26794871794871794
2022-06-04 20:00:00,2.19,174.05,S,0.1064102564102564
2022-06-04 21:00:00,2.76,132.53,SE,0.0782051282051282
2022-06-04 22:00:00,1.07,156.77,SE,0.0782051282051282
2022-06-04 23:00:00,0.74,248.23,W,0.1685897435897436
2022-06-05 00:00:00,0.55,300.4,NW,0.008974358974358974
2022-06-05 01:00:00,0.3,311.65,NW,0.008974358974358974
2022-06-05 02:00:00,0.2,217.13,SW,0.21987179487179487
2022-06-05 03:00:00,0.8,195.18,S,0.1064102564102564
2022-06-05 04:00:00,0.51,263.33,W,0.1685897435897436
2022-06-05 05:00:00,0.37,244.13,SW,0.21987179487179487
2022-06-05 06:00:00,0.31,269.22,W,0.1685897435897436
2022-06-05 07:00:00,1.35,169.62,S,0.1064102564102564
2022-06-05 08:00:00,1.28,79.62,E,0.26794871794871794
2022-06-05 09:00:00,2.36,72.38,E,0.26794871794871794
2022-06-05 10:00:00,2.27,61.42,NE,0.15
2022-06-05 11:00:00,3.38,64.55,NE,0.15
2022-06-05 12:00:00,3.91,49.57,NE,0.15
2022-06-05 13:00:00,3.85,109.42,E,0.26794871794871794
2022-06-05 14:00:00,3.4,145.17,SE,0.0782051282051282
2022-06-05 15:00:00,3.43,183.38,S,0.1064102564102564
2022-06-05 16:00:00,3.75,181.28,S,0.1064102564102564
2022-06-05 17:00:00,2.76,174.87,S,0.1064102564102564
2022-06-05 18:00:00,2.75,174.48,S,0.1064102564102564
2022-06-05 19:00:00,2.72,168.6,S,0.1064102564102564
2022-06-05 20:00:00,2.82,143.53,SE,0.0782051282051282
2022-06-05 21:00:00,1.44,260.73,W,0.1685897435897436
2022-06-05 22:00:00,0.96,178.03,S,0.1064102564102564
2022-06-05 23:00:00,0.49,286.4,W,0.1685897435897436
2022-06-06 00:00:00,0.31,202.32,S,0.1064102564102564
2022-06-06 01:00:00,0.49,253.77,W,0.1685897435897436
2022-06-06 02:00:00,0.47,261.75,W,0.1685897435897436
2022-06-06 03:00:00,0.83,242.18,SW,0.21987179487179487
2022-06-06 04:00:00,0.19,239.27,SW,0.21987179487179487
2022-06-06 05:00:00,0.54,215.73,SW,0.21987179487179487
2022-06-06 06:00:00,1.97,219.47,SW,0.21987179487179487
2022-06-06 07:00:00,7.01,225.5,SW,0.21987179487179487
2022-06-06 08:00:00,3.9,163.43,S,0.1064102564102564
2022-06-06 09:00:00,2.38,109.35,E,0.26794871794871794
2022-06-06 10:00:00,3.2,82.07,E,0.26794871794871794
2022-06-06 11:00:00,3.05,60.4,NE,0.15
2022-06-06 12:00:00,3.43,58.8,NE,0.15
2022-06-06 13:00:00,4.14,70.02,E,0.26794871794871794
2022-06-06 14:00:00,4.53,68.72,E,0.26794871794871794
2022-06-06 15:00:00,3.56,68.03,E,0.26794871794871794
2022-06-06 16:00:00,2.76,128.33,SE,0.0782051282051282
2022-06-06 17:00:00,5.29,169.92,S,0.1064102564102564
2022-06-07 13:00:00,3.63,68.78,E,0.26794871794871794
2022-06-07 14:00:00,5.23,68.63,E,0.26794871794871794
2022-06-07 15:00:00,5.22,74.0,E,0.26794871794871794
2022-06-07 16:00:00,6.32,70.27,E,0.26794871794871794
2022-06-07 17:00:00,6.88,64.72,NE,0.15
2022-06-07 18:00:00,6.18,99.77,E,0.26794871794871794
2022-06-07 19:00:00,4.5,201.58,S,0.1064102564102564
2022-06-07 20:00:00,4.28,189.78,S,0.1064102564102564
2022-06-07 21:00:00,3.84,318.98,NW,0.008974358974358974
2022-06-07 22:00:00,2.8,244.57,SW,0.21987179487179487
2022-06-07 23:00:00,1.49,257.55,W,0.1685897435897436
2022-06-08 00:00:00,0.26,253.07,W,0.1685897435897436
2022-06-08 01:00:00,0.48,270.83,W,0.1685897435897436
2022-06-08 02:00:00,0.66,280.38,W,0.1685897435897436
2022-06-08 03:00:00,0.31,246.18,SW,0.21987179487179487
2022-06-08 04:00:00,0.2,252.82,W,0.1685897435897436
2022-06-08 05:00:00,0.53,259.82,W,0.1685897435897436
2022-06-08 06:00:00,1.45,241.03,SW,0.21987179487179487
2022-06-08 07:00:00,2.11,244.28,SW,0.21987179487179487
2022-06-08 08:00:00,1.88,273.28,W,0.1685897435897436
2022-06-08 09:00:00,2.84,224.0,SW,0.21987179487179487
2022-06-08 10:00:00,3.39,83.33,E,0.26794871794871794
2022-06-08 11:00:00,3.97,75.53,E,0.26794871794871794
2022-06-08 12:00:00,4.24,72.32,E,0.26794871794871794
2022-06-08 13:00:00,2.84,78.35,E,0.26794871794871794
2022-06-08 14:00:00,4.2,72.68,E,0.26794871794871794
2022-06-08 15:00:00,4.64,73.68,E,0.26794871794871794
2022-06-08 16:00:00,7.53,74.32,E,0.26794871794871794
2022-06-08 17:00:00,6.66,66.1,NE,0.15
2022-06-08 18:00:00,4.07,53.38,NE,0.15
2022-06-08 19:00:00,3.87,60.3,NE,0.15
2022-06-08 20:00:00,5.55,95.8,E,0.26794871794871794
2022-06-08 21:00:00,4.13,236.73,SW,0.21987179487179487
2022-06-08 22:00:00,0.99,128.47,SE,0.0782051282051282
2022-06-08 23:00:00,0.34,218.72,SW,0.21987179487179487
2022-06-09 00:00:00,0.77,268.22,W,0.1685897435897436
2022-06-09 01:00:00,0.33,266.7,W,0.1685897435897436
2022-06-09 02:00:00,0.35,279.7,W,0.1685897435897436
2022-06-09 03:00:00,0.19,264.38,W,0.1685897435897436
2022-06-09 04:00:00,0.65,266.22,W,0.1685897435897436
2022-06-09 05:00:00,1.01,257.0,W,0.1685897435897436
2022-06-09 06:00:00,0.49,294.47,NW,0.008974358974358974
2022-06-09 07:00:00,0.77,284.55,W,0.1685897435897436
2022-06-09 08:00:00,1.88,88.4,E,0.26794871794871794
2022-06-09 09:00:00,2.0,63.15,NE,0.15
2022-06-09 10:00:00,3.29,66.97,NE,0.15
2022-06-09 11:00:00,3.07,67.6,E,0.26794871794871794
2022-06-09 12:00:00,3.06,67.45,NE,0.15
2022-06-09 13:00:00,4.11,70.98,E,0.26794871794871794
2022-06-09 14:00:00,3.27,72.73,E,0.26794871794871794
2022-06-09 15:00:00,7.36,73.8,E,0.26794871794871794
2022-06-09 16:00:00,6.51,59.57,NE,0.15
2022-06-09 17:00:00,5.29,49.35,NE,0.15
2022-06-09 18:00:00,3.35,78.38,E,0.26794871794871794
2022-06-09 19:00:00,1.59,257.72,W,0.1685897435897436
2022-06-09 20:00:00,1.04,245.93,SW,0.21987179487179487
2022-06-09 21:00:00,1.01,271.55,W,0.1685897435897436
2022-06-09 22:00:00,0.95,192.92,S,0.1064102564102564
2022-06-09 23:00:00,0.75,254.52,W,0.1685897435897436
2022-06-10 00:00:00,0.48,183.92,S,0.1064102564102564
2022-06-10 01:00:00,0.22,165.55,S,0.1064102564102564
2022-06-10 02:00:00,0.23,275.02,W,0.1685897435897436
2022-06-10 03:00:00,0.61,157.32,SE,0.0782051282051282
2022-06-10 04:00:00,4.41,216.78,SW,0.21987179487179487
2022-06-10 05:00:00,1.26,206.6,SW,0.21987179487179487
2022-06-10 06:00:00,0.5,109.4,E,0.26794871794871794
2022-06-10 07:00:00,1.15,76.95,E,0.26794871794871794
2022-06-10 08:00:00,1.44,77.65,E,0.26794871794871794
2022-06-10 09:00:00,1.4,105.42,E,0.26794871794871794
2022-06-10 10:00:00,2.16,99.03,E,0.26794871794871794
2022-06-10 11:00:00,1.45,152.88,SE,0.0782051282051282
2022-06-10 12:00:00,1.39,97.93,E,0.26794871794871794
2022-06-10 13:00:00,0.86,189.05,S,0.1064102564102564
2022-06-10 14:00:00,0.95,157.5,SE,0.0782051282051282
2022-06-10 15:00:00,1.94,120.73,SE,0.0782051282051282
2022-06-10 16:00:00,2.24,126.98,SE,0.0782051282051282
2022-06-10 17:00:00,1.59,149.95,SE,0.0782051282051282
2022-06-10 18:00:00,2.15,142.75,SE,0.0782051282051282
2022-06-10 19:00:00,1.52,163.3,S,0.1064102564102564
2022-06-10 20:00:00,2.73,250.38,W,0.1685897435897436
2022-06-10 21:00:00,0.97,210.83,SW,0.21987179487179487
2022-06-10 22:00:00,0.94,159.08,S,0.1064102564102564
2022-06-10 23:00:00,1.09,232.62,SW,0.21987179487179487
2022-06-11 00:00:00,0.66,243.03,SW,0.21987179487179487
2022-06-11 01:00:00,1.01,232.65,SW,0.21987179487179487
2022-06-11 02:00:00,0.64,146.65,SE,0.0782051282051282
2022-06-11 03:00:00,1.04,185.63,S,0.1064102564102564
2022-06-11 04:00:00,1.45,205.4,SW,0.21987179487179487
2022-06-11 05:00:00,4.61,213.72,SW,0.21987179487179487
2022-06-11 06:00:00,2.15,165.62,S,0.1064102564102564
2022-06-11 07:00:00,3.27,239.78,SW,0.21987179487179487
2022-06-11 08:00:00,1.25,158.07,S,0.1064102564102564
2022-06-11 09:00:00,1.63,180.32,S,0.1064102564102564
2022-06-11 10:00:00,2.61,225.15,SW,0.21987179487179487
2022-06-11 11:00:00,2.65,207.63,SW,0.21987179487179487
2022-06-11 12:00:00,2.13,137.85,SE,0.0782051282051282
2022-06-11 13:00:00,1.88,158.87,S,0.1064102564102564
2022-06-11 14:00:00,3.55,209.67,SW,0.21987179487179487
2022-06-11 15:00:00,5.26,237.58,SW,0.21987179487179487
2022-06-11 16:00:00,3.01,167.85,S,0.1064102564102564
2022-06-11 17:00:00,4.72,114.63,SE,0.0782051282051282
2022-06-11 18:00:00,2.66,134.72,SE,0.0782051282051282
2022-06-11 19:00:00,1.84,219.08,SW,0.21987179487179487
2022-06-11 20:00:00,2.47,105.43,E,0.26794871794871794
2022-06-11 21:00:00,0.94,128.55,SE,0.0782051282051282
2022-06-11 22:00:00,0.4,177.25,S,0.1064102564102564
2022-06-11 23:00:00,1.61,120.13,SE,0.0782051282051282
2022-06-12 00:00:00,0.6,178.82,S,0.1064102564102564
2022-06-12 01:00:00,1.64,200.4,S,0.1064102564102564
2022-06-12 02:00:00,3.23,213.03,SW,0.21987179487179487
2022-06-12 03:00:00,1.38,206.97,SW,0.21987179487179487
2022-06-12 04:00:00,3.84,217.0,SW,0.21987179487179487
2022-06-12 05:00:00,1.74,178.57,S,0.1064102564102564
2022-06-12 06:00:00,0.75,169.1,S,0.1064102564102564
2022-06-12 07:00:00,2.45,136.0,SE,0.0782051282051282
2022-06-12 08:00:00,1.76,185.18,S,0.1064102564102564
2022-06-12 09:00:00,1.9,175.9,S,0.1064102564102564
2022-06-12 10:00:00,2.72,205.52,SW,0.21987179487179487
2022-06-12 11:00:00,2.79,206.98,SW,0.21987179487179487
2022-06-12 12:00:00,2.58,200.85,S,0.1064102564102564
2022-06-12 13:00:00,2.33,186.43,S,0.1064102564102564
2022-06-12 14:00:00,2.37,184.8,S,0.1064102564102564
2022-06-12 15:00:00,2.92,179.42,S,0.1064102564102564
2022-06-12 16:00:00,1.9,190.1,S,0.1064102564102564
2022-06-12 17:00:00,2.83,194.72,S,0.1064102564102564
2022-06-12 18:00:00,2.95,219.87,SW,0.21987179487179487
2022-06-12 19:00:00,2.16,217.92,SW,0.21987179487179487
2022-06-12 20:00:00,2.94,224.72,SW,0.21987179487179487
2022-06-12 21:00:00,1.89,212.73,SW,0.21987179487179487
2022-06-12 22:00:00,2.64,213.47,SW,0.21987179487179487
2022-06-12 23:00:00,4.82,218.1,SW,0.21987179487179487
2022-06-13 00:00:00,4.34,218.45,SW,0.21987179487179487
2022-06-13 01:00:00,4.77,219.03,SW,0.21987179487179487
2022-06-13 02:00:00,3.55,223.53,SW,0.21987179487179487
2022-06-13 03:00:00,0.65,224.62,SW,0.21987179487179487
2022-06-13 04:00:00,1.91,212.87,SW,0.21987179487179487
2022-06-13 05:00:00,1.75,219.08,SW,0.21987179487179487
2022-06-13 06:00:00,2.68,213.38,SW,0.21987179487179487
2022-06-13 07:00:00,1.41,71.53,E,0.26794871794871794
2022-06-13 08:00:00,1.44,116.72,SE,0.0782051282051282
2022-06-13 09:00:00,1.61,166.73,S,0.1064102564102564
2022-06-13 10:00:00,1.5,190.6,S,0.1064102564102564
2022-06-13 11:00:00,1.79,198.07,S,0.1064102564102564
2022-06-13 12:00:00,2.02,138.0,SE,0.0782051282051282
2022-06-13 13:00:00,5.35,74.12,E,0.26794871794871794
2022-06-13 14:00:00,5.03,76.47,E,0.26794871794871794
2022-06-13 15:00:00,3.39,71.62,E,0.26794871794871794
2022-06-13 16:00:00,3.51,74.15,E,0.26794871794871794
2022-06-13 17:00:00,2.78,80.0,E,0.26794871794871794
2022-06-13 18:00:00,3.53,202.28,S,0.1064102564102564
2022-06-13 19:00:00,1.33,236.88,SW,0.21987179487179487
2022-06-13 20:00:00,0.77,251.3,W,0.1685897435897436
2022-06-13 21:00:00,0.77,259.78,W,0.1685897435897436
2022-06-13 22:00:00,0.72,224.73,SW,0.21987179487179487
2022-06-13 23:00:00,0.59,169.3,S,0.1064102564102564
2022-06-14 00:00:00,0.61,267.7,W,0.1685897435897436
2022-06-14 01:00:00,1.35,200.7,S,0.1064102564102564
2022-06-14 02:00:00,0.68,241.08,SW,0.21987179487179487
2022-06-14 03:00:00,0.68,162.27,S,0.1064102564102564
2022-06-14 04:00:00,0.63,218.65,SW,0.21987179487179487
2022-06-14 05:00:00,0.34,229.23,SW,0.21987179487179487
2022-06-14 06:00:00,0.55,242.35,SW,0.21987179487179487
2022-06-14 07:00:00,1.14,267.15,W,0.1685897435897436
2022-06-14 08:00:00,1.16,249.62,W,0.1685897435897436
2022-06-14 09:00:00,1.23,112.77,SE,0.0782051282051282
2022-06-14 10:00:00,2.5,62.78,NE,0.15
2022-06-14 11:00:00,3.85,79.97,E,0.26794871794871794
2022-06-14 12:00:00,4.13,57.35,NE,0.15
2022-06-14 13:00:00,4.53,50.68,NE,0.15
2022-06-14 14:00:00,2.54,94.13,E,0.26794871794871794
2022-06-14 15:00:00,3.38,251.0,W,0.1685897435897436
2022-06-14 16:00:00,3.55,177.65,S,0.1064102564102564
2022-06-14 17:00:00,2.51,261.65,W,0.1685897435897436
2022-06-14 18:00:00,1.85,167.78,S,0.1064102564102564
2022-06-14 19:00:00,2.03,96.35,E,0.26794871794871794
2022-06-14 20:00:00,0.95,168.4,S,0.1064102564102564
2022-06-14 21:00:00,0.8,220.22,SW,0.21987179487179487
2022-06-14 22:00:00,0.8,246.6,SW,0.21987179487179487
2022-06-14 23:00:00,0.67,252.38,W,0.1685897435897436
2022-06-15 00:00:00,0.36,212.71,SW,0.21987179487179487
2022-06-15 15:00:00,3.94,69.3,E,0.26794871794871794
2022-06-15 16:00:00,4.56,60.95,NE,0.15
2022-06-15 17:00:00,4.67,61.43,NE,0.15
2022-06-15 18:00:00,5.16,58.87,NE,0.15
2022-06-15 19:00:00,3.66,132.7,SE,0.0782051282051282
2022-06-15 20:00:00,3.52,311.57,NW,0.008974358974358974
2022-06-15 21:00:00,1.86,253.1,W,0.1685897435897436
2022-06-15 22:00:00,0.56,227.05,SW,0.21987179487179487
2022-06-15 23:00:00,0.28,262.9,W,0.1685897435897436
2022-06-16 00:00:00,0.55,125.65,SE,0.0782051282051282
2022-06-16 01:00:00,0.33,105.92,E,0.26794871794871794
2022-06-16 02:00:00,0.45,245.5,SW,0.21987179487179487
2022-06-16 03:00:00,0.24,245.0,SW,0.21987179487179487
2022-06-16 04:00:00,0.33,245.0,SW,0.21987179487179487
2022-06-16 05:00:00,0.28,183.55,S,0.1064102564102564
2022-06-16 06:00:00,0.76,86.68,E,0.26794871794871794
2022-06-16 07:00:00,0.81,202.55,SW,0.21987179487179487
2022-06-16 08:00:00,1.64,190.05,S,0.1064102564102564
2022-06-16 09:00:00,1.73,64.62,NE,0.15
2022-06-16 10:00:00,1.94,70.5,E,0.26794871794871794
2022-06-16 11:00:00,3.14,64.2,NE,0.15
2022-06-16 12:00:00,3.73,64.43,NE,0.15
2022-06-16 13:00:00,4.06,70.82,E,0.26794871794871794
2022-06-16 14:00:00,3.68,65.88,NE,0.15
2022-06-16 15:00:00,3.56,236.48,SW,0.21987179487179487
2022-06-16 16:00:00,3.51,157.02,SE,0.0782051282051282
2022-06-16 17:00:00,3.97,94.5,E,0.26794871794871794
2022-06-16 18:00:00,4.31,69.27,E,0.26794871794871794
2022-06-16 19:00:00,3.96,89.93,E,0.26794871794871794
2022-06-16 20:00:00,3.01,221.22,SW,0.21987179487179487
2022-06-16 21:00:00,2.13,288.53,W,0.1685897435897436
2022-06-16 22:00:00,0.94,235.75,SW,0.21987179487179487
2022-06-16 23:00:00,0.67,243.02,SW,0.21987179487179487
2022-06-17 00:00:00,0.95,244.25,SW,0.21987179487179487
2022-06-17 01:00:00,0.23,238.95,SW,0.21987179487179487
2022-06-17 02:00:00,0.81,241.38,SW,0.21987179487179487
2022-06-17 03:00:00,0.37,253.33,W,0.1685897435897436
2022-06-17 04:00:00,0.38,248.0,W,0.1685897435897436
2022-06-17 05:00:00,0.96,244.88,SW,0.21987179487179487
2022-06-17 06:00:00,0.41,241.37,SW,0.21987179487179487
2022-06-17 07:00:00,1.07,149.85,SE,0.0782051282051282
2022-06-17 08:00:00,1.27,69.67,E,0.26794871794871794
2022-06-17 09:00:00,2.26,57.17,NE,0.15
2022-06-17 10:00:00,2.35,68.75,E,0.26794871794871794
2022-06-17 11:00:00,2.97,67.82,E,0.26794871794871794
2022-06-17 12:00:00,3.19,65.3,NE,0.15
2022-06-17 13:00:00,3.96,64.0,NE,0.15
2022-06-17 14:00:00,5.21,70.17,E,0.26794871794871794
2022-06-17 15:00:00,4.2,64.13,NE,0.15
2022-06-17 16:00:00,4.67,63.97,NE,0.15
2022-06-17 17:00:00,5.32,56.93,NE,0.15
2022-06-17 18:00:00,4.52,49.18,NE,0.15
2022-06-17 19:00:00,3.56,61.83,NE,0.15
2022-06-17 20:00:00,3.27,159.75,S,0.1064102564102564
2022-06-17 21:00:00,1.39,228.23,SW,0.21987179487179487
2022-06-17 22:00:00,1.95,119.62,SE,0.0782051282051282
2022-06-17 23:00:00,3.14,140.98,SE,0.0782051282051282
2022-06-18 00:00:00,1.7,198.68,S,0.1064102564102564
2022-06-18 01:00:00,2.34,220.65,SW,0.21987179487179487
2022-06-18 02:00:00,2.42,198.37,S,0.1064102564102564
2022-06-18 03:00:00,0.71,124.83,SE,0.0782051282051282
2022-06-18 04:00:00,0.15,155.4,SE,0.0782051282051282
2022-06-18 05:00:00,0.01,185.0,S,0.1064102564102564
2022-06-18 06:00:00,0.34,203.58,SW,0.21987179487179487
2022-06-18 07:00:00,0.8,202.58,SW,0.21987179487179487
2022-06-18 08:00:00,0.93,129.05,SE,0.0782051282051282
2022-06-18 09:00:00,1.88,111.72,E,0.26794871794871794
2022-06-18 10:00:00,1.53,135.07,SE,0.0782051282051282
2022-06-18 11:00:00,1.65,173.12,S,0.1064102564102564
2022-06-18 12:00:00,1.56,207.87,SW,0.21987179487179487
2022-06-18 13:00:00,1.52,251.32,W,0.1685897435897436
2022-06-18 14:00:00,1.35,248.4,W,0.1685897435897436
2022-06-18 15:00:00,0.95,202.87,SW,0.21987179487179487
2022-06-18 16:00:00,0.9,145.67,SE,0.0782051282051282
2022-06-18 17:00:00,1.01,139.23,SE,0.0782051282051282
2022-06-18 18:00:00,1.46,176.2,S,0.1064102564102564
2022-06-18 19:00:00,8.37,242.53,SW,0.21987179487179487
2022-06-18 20:00:00,3.6,262.55,W,0.1685897435897436
2022-06-18 21:00:00,1.71,231.93,SW,0.21987179487179487
2022-06-18 22:00:00,0.75,187.52,S,0.1064102564102564
2022-06-18 23:00:00,0.63,244.77,SW,0.21987179487179487
2022-06-19 00:00:00,0.98,266.37,W,0.1685897435897436
2022-06-19 01:00:00,0.59,237.0,SW,0.21987179487179487
2022-06-19 02:00:00,0.95,254.12,W,0.1685897435897436
2022-06-19 03:00:00,1.0,242.8,SW,0.21987179487179487
2022-06-19 04:00:00,0.81,249.17,W,0.1685897435897436
2022-06-19 05:00:00,0.63,260.7,W,0.1685897435897436
2022-06-19 06:00:00,0.7,237.1,SW,0.21987179487179487
2022-06-19 07:00:00,0.61,192.3,S,0.1064102564102564
2022-06-19 08:00:00,1.01,52.3,NE,0.15
2022-06-19 09:00:00,2.29,65.52,NE,0.15
2022-06-19 10:00:00,3.06,110.43,E,0.26794871794871794
2022-06-19 11:00:00,4.54,239.07,SW,0.21987179487179487
2022-06-19 12:00:00,3.93,247.12,SW,0.21987179487179487
2022-06-19 13:00:00,4.05,247.32,SW,0.21987179487179487
2022-06-19 14:00:00,2.75,163.48,S,0.1064102564102564
2022-06-19 15:00:00,3.04,57.67,NE,0.15
2022-06-19 16:00:00,4.44,45.5,NE,0.15
2022-06-19 17:00:00,4.78,42.57,NE,0.15
2022-06-19 18:00:00,4.36,62.78,NE,0.15
2022-06-19 19:00:00,3.73,56.4,NE,0.15
2022-06-19 20:00:00,2.07,130.08,SE,0.0782051282051282
2022-06-19 21:00:00,1.76,254.63,W,0.1685897435897436
2022-06-19 22:00:00,0.78,260.68,W,0.1685897435897436
2022-06-19 23:00:00,1.16,246.07,SW,0.21987179487179487
2022-06-20 00:00:00,1.14,242.42,SW,0.21987179487179487
2022-06-20 01:00:00,0.52,233.2,SW,0.21987179487179487
2022-06-20 02:00:00,1.01,246.6,SW,0.21987179487179487
2022-06-20 03:00:00,0.62,216.35,SW,0.21987179487179487
2022-06-20 04:00:00,0.45,215.2,SW,0.21987179487179487
2022-06-20 05:00:00,1.31,247.27,SW,0.21987179487179487
2022-06-20 06:00:00,0.48,264.57,W,0.1685897435897436
2022-06-20 07:00:00,0.33,281.7,W,0.1685897435897436
2022-06-20 08:00:00,1.35,73.73,E,0.26794871794871794
2022-06-20 09:00:00,1.76,72.75,E,0.26794871794871794
2022-06-20 10:00:00,2.11,69.97,E,0.26794871794871794
2022-06-20 11:00:00,2.25,69.28,E,0.26794871794871794
2022-06-20 12:00:00,2.98,64.27,NE,0.15
2022-06-20 13:00:00,3.45,71.4,E,0.26794871794871794
2022-06-20 14:00:00,5.62,76.8,E,0.26794871794871794
2022-06-20 15:00:00,4.9,77.17,E,0.26794871794871794
2022-06-20 16:00:00,5.12,77.68,E,0.26794871794871794
2022-06-20 17:00:00,4.35,59.9,NE,0.15
2022-06-20 18:00:00,4.72,61.23,NE,0.15
2022-06-20 19:00:00,3.91,122.25,SE,0.0782051282051282
2022-06-20 20:00:00,3.14,245.5,SW,0.21987179487179487
2022-06-20 21:00:00,2.14,274.9,W,0.1685897435897436
2022-06-20 22:00:00,1.12,262.83,W,0.1685897435897436
2022-06-20 23:00:00,1.48,295.02,NW,0.008974358974358974
2022-06-21 00:00:00,1.12,242.17,SW,0.21987179487179487
2022-06-21 01:00:00,1.51,234.08,SW,0.21987179487179487
2022-06-21 02:00:00,0.42,238.73,SW,0.21987179487179487
2022-06-21 03:00:00,1.14,241.22,SW,0.21987179487179487
2022-06-21 04:00:00,0.59,247.83,W,0.1685897435897436
2022-06-21 05:00:00,0.78,248.58,W,0.1685897435897436
2022-06-21 06:00:00,0.25,245.3,SW,0.21987179487179487
2022-06-21 07:00:00,0.75,129.27,SE,0.0782051282051282
2022-06-21 08:00:00,1.3,68.95,E,0.26794871794871794
2022-06-21 09:00:00,1.8,63.28,NE,0.15
2022-06-21 10:00:00,2.09,82.8,E,0.26794871794871794
2022-06-21 11:00:00,2.57,68.35,E,0.26794871794871794
2022-06-21 12:00:00,2.16,72.2,E,0.26794871794871794
2022-06-21 13:00:00,2.41,72.88,E,0.26794871794871794
2022-06-21 14:00:00,3.13,81.6,E,0.26794871794871794
2022-06-21 15:00:00,4.41,57.9,NE,0.15
2022-06-21 16:00:00,3.98,125.43,SE,0.0782051282051282
2022-06-21 17:00:00,4.67,131.95,SE,0.0782051282051282
2022-06-21 18:00:00,2.46,70.55,E,0.26794871794871794
2022-06-21 19:00:00,1.6,61.48,NE,0.15
2022-06-21 20:00:00,1.79,261.9,W,0.1685897435897436
2022-06-21 21:00:00,1.43,254.48,W,0.1685897435897436
2022-06-21 22:00:00,0.98,258.42,W,0.1685897435897436
2022-06-21 23:00:00,0.57,250.57,W,0.1685897435897436
2022-06-22 00:00:00,0.79,244.53,SW,0.21987179487179487
2022-06-22 01:00:00,0.41,276.18,W,0.1685897435897436
2022-06-22 02:00:00,0.91,240.03,SW,0.21987179487179487
2022-06-22 03:00:00,0.73,243.72,SW,0.21987179487179487
2022-06-22 04:00:00,1.04,245.3,SW,0.21987179487179487
2022-06-22 05:00:00,0.84,239.68,SW,0.21987179487179487
2022-06-22 06:00:00,0.5,192.3,S,0.1064102564102564
2022-06-22 07:00:00,0.86,148.92,SE,0.0782051282051282
2022-06-22 08:00:00,1.84,68.07,E,0.26794871794871794
2022-06-22 09:00:00,1.97,69.63,E,0.26794871794871794
2022-06-22 10:00:00,2.53,73.45,E,0.26794871794871794
2022-06-22 11:00:00,2.52,73.33,E,0.26794871794871794
2022-06-22 12:00:00,2.19,74.35,E,0.26794871794871794
2022-06-22 13:00:00,2.4,65.27,NE,0.15
2022-06-22 14:00:00,3.08,47.0,NE,0.15
2022-06-22 15:00:00,3.95,72.58,E,0.26794871794871794
2022-06-22 16:00:00,2.94,57.68,NE,0.15
2022-06-22 17:00:00,2.72,72.25,E,0.26794871794871794
2022-06-22 18:00:00,1.59,71.28,E,0.26794871794871794
2022-06-22 19:00:00,2.39,63.35,NE,0.15
2022-06-22 20:00:00,1.14,102.2,E,0.26794871794871794
2022-06-22 21:00:00,0.43,88.57,E,0.26794871794871794
2022-06-22 22:00:00,0.76,143.33,SE,0.0782051282051282
2022-06-22 23:00:00,0.94,269.47,W,0.1685897435897436
2022-06-23 00:00:00,0.76,265.72,W,0.1685897435897436
2022-06-23 01:00:00,0.54,223.83,SW,0.21987179487179487
2022-06-23 02:00:00,0.55,196.85,S,0.1064102564102564
2022-06-23 03:00:00,0.23,132.68,SE,0.0782051282051282
2022-06-23 04:00:00,1.71,198.13,S,0.1064102564102564
2022-06-23 05:00:00,2.63,162.45,S,0.1064102564102564
2022-06-23 06:00:00,0.54,129.0,SE,0.0782051282051282
2022-06-23 07:00:00,1.04,127.38,SE,0.0782051282051282
2022-06-23 08:00:00,1.64,71.48,E,0.26794871794871794
2022-06-23 09:00:00,1.6,73.48,E,0.26794871794871794
2022-06-23 10:00:00,2.04,60.5,NE,0.15
2022-06-23 11:00:00,2.1,66.02,NE,0.15
2022-06-23 12:00:00,2.31,61.4,NE,0.15
2022-06-23 13:00:00,2.51,61.82,NE,0.15
2022-06-23 14:00:00,2.58,65.85,NE,0.15
2022-06-23 15:00:00,2.99,73.25,E,0.26794871794871794
2022-06-23 16:00:00,4.58,67.15,NE,0.15
2022-06-23 17:00:00,5.29,79.02,E,0.26794871794871794
2022-06-23 18:00:00,8.93,237.48,SW,0.21987179487179487
2022-06-23 19:00:00,3.58,246.28,SW,0.21987179487179487
2022-06-23 20:00:00,2.02,178.68,S,0.1064102564102564
2022-06-23 21:00:00,1.61,204.63,SW,0.21987179487179487
2022-06-23 22:00:00,1.12,150.37,SE,0.0782051282051282
2022-06-23 23:00:00,0.55,264.92,W,0.1685897435897436
2022-06-24 00:00:00,0.62,228.72,SW,0.21987179487179487
2022-06-24 01:00:00,1.86,217.8,SW,0.21987179487179487
2022-06-24 02:00:00,1.31,187.08,S,0.1064102564102564
2022-06-24 03:00:00,0.59,125.65,SE,0.0782051282051282
2022-06-24 04:00:00,1.51,212.27,SW,0.21987179487179487
2022-06-24 05:00:00,1.19,147.57,SE,0.0782051282051282
2022-06-24 06:00:00,0.98,254.32,W,0.1685897435897436
2022-06-24 07:00:00,1.55,275.82,W,0.1685897435897436
2022-06-24 08:00:00,1.75,240.47,SW,0.21987179487179487
2022-06-24 09:00:00,1.43,148.13,SE,0.0782051282051282
2022-06-24 10:00:00,4.38,234.28,SW,0.21987179487179487
2022-06-24 11:00:00,1.57,170.0,S,0.1064102564102564
2022-06-24 12:00:00,2.43,146.95,SE,0.0782051282051282
2022-06-24 13:00:00,2.61,126.92,SE,0.0782051282051282
2022-06-24 14:00:00,5.1,53.5,NE,0.15
2022-06-24 15:00:00,5.2,56.5,NE,0.15
2022-06-24 16:00:00,6.16,57.85,NE,0.15
2022-06-24 17:00:00,5.77,63.47,NE,0.15
2022-06-24 18:00:00,6.39,73.7,E,0.26794871794871794
2022-06-24 19:00:00,4.89,55.73,NE,0.15
2022-06-24 20:00:00,3.82,262.6,W,0.1685897435897436
2022-06-24 21:00:00,2.6,300.98,NW,0.008974358974358974
2022-06-24 22:00:00,1.48,262.38,W,0.1685897435897436
2022-06-24 23:00:00,0.83,231.02,SW,0.21987179487179487
2022-06-25 00:00:00,0.25,218.0,SW,0.21987179487179487
2022-06-25 01:00:00,0.48,280.12,W,0.1685897435897436
2022-06-25 02:00:00,0.45,251.98,W,0.1685897435897436
2022-06-25 03:00:00,0.59,152.63,SE,0.0782051282051282
2022-06-25 04:00:00,0.42,140.08,SE,0.0782051282051282
2022-06-25 05:00:00,0.82,248.2,W,0.1685897435897436
2022-06-25 06:00:00,0.35,266.82,W,0.1685897435897436
2022-06-25 07:00:00,0.54,271.87,W,0.1685897435897436
2022-06-25 08:00:00,1.58,104.37,E,0.26794871794871794
2022-06-25 09:00:00,2.39,72.85,E,0.26794871794871794
2022-06-25 10:00:00,3.11,67.25,NE,0.15
2022-06-25 11:00:00,3.18,67.97,E,0.26794871794871794
2022-06-25 12:00:00,2.62,74.55,E,0.26794871794871794
2022-06-25 13:00:00,3.1,74.47,E,0.26794871794871794
2022-06-25 14:00:00,4.25,66.83,NE,0.15
2022-06-25 15:00:00,4.21,72.58,E,0.26794871794871794
2022-06-25 16:00:00,3.87,74.63,E,0.26794871794871794
2022-06-25 17:00:00,4.01,77.22,E,0.26794871794871794
2022-06-25 18:00:00,3.82,71.05,E,0.26794871794871794
2022-06-25 19:00:00,4.1,58.05,NE,0.15
2022-06-25 20:00:00,4.08,282.62,W,0.1685897435897436
2022-06-25 21:00:00,2.58,289.72,W,0.1685897435897436
2022-06-25 22:00:00,1.02,231.83,SW,0.21987179487179487
2022-06-25 23:00:00,2.58,207.17,SW,0.21987179487179487
2022-06-26 00:00:00,9.46,241.43,SW,0.21987179487179487
2022-06-26 01:00:00,6.41,241.72,SW,0.21987179487179487
2022-06-26 02:00:00,8.09,239.27,SW,0.21987179487179487
2022-06-26 03:00:00,7.48,246.88,SW,0.21987179487179487
2022-06-26 04:00:00,1.1,207.78,SW,0.21987179487179487
2022-06-26 05:00:00,0.49,213.97,SW,0.21987179487179487
2022-06-26 06:00:00,0.69,260.57,W,0.1685897435897436
2022-06-26 07:00:00,0.43,236.73,SW,0.21987179487179487
2022-06-26 08:00:00,1.64,109.83,E,0.26794871794871794
2022-06-26 09:00:00,1.49,171.3,S,0.1064102564102564
2022-06-26 10:00:00,2.13,137.37,SE,0.0782051282051282
2022-06-26 11:00:00,2.59,116.37,SE,0.0782051282051282
2022-06-26 12:00:00,4.19,51.15,NE,0.15
2022-06-26 13:00:00,3.49,67.97,E,0.26794871794871794
2022-06-26 14:00:00,2.86,146.97,SE,0.0782051282051282
2022-06-26 15:00:00,3.9,78.62,E,0.26794871794871794
2022-06-26 16:00:00,6.05,64.33,NE,0.15
2022-06-26 17:00:00,5.51,70.82,E,0.26794871794871794
2022-06-26 18:00:00,6.4,75.02,E,0.26794871794871794
2022-06-26 19:00:00,4.5,162.05,S,0.1064102564102564
2022-06-26 20:00:00,3.32,143.23,SE,0.0782051282051282
2022-06-26 21:00:00,2.68,248.55,W,0.1685897435897436
2022-06-26 22:00:00,1.84,278.77,W,0.1685897435897436
2022-06-26 23:00:00,1.26,227.22,SW,0.21987179487179487
2022-06-27 00:00:00,0.98,246.5,SW,0.21987179487179487
2022-06-27 01:00:00,1.24,251.12,W,0.1685897435897436
2022-06-27 02:00:00,0.58,189.22,S,0.1064102564102564
2022-06-27 03:00:00,0.4,264.35,W,0.1685897435897436
2022-06-27 04:00:00,1.17,238.4,SW,0.21987179487179487
2022-06-27 05:00:00,1.62,230.22,SW,0.21987179487179487
2022-06-27 06:00:00,0.85,233.57,SW,0.21987179487179487
2022-06-27 07:00:00,0.9,163.62,S,0.1064102564102564
2022-06-27 08:00:00,1.52,118.77,SE,0.0782051282051282
2022-06-27 09:00:00,3.34,73.47,E,0.26794871794871794
2022-06-27 10:00:00,3.39,61.23,NE,0.15
2022-06-27 11:00:00,3.54,67.15,NE,0.15
2022-06-27 12:00:00,3.85,58.37,NE,0.15
2022-06-27 13:00:00,3.08,64.83,NE,0.15
2022-06-27 14:00:00,4.5,68.55,E,0.26794871794871794
2022-06-27 15:00:00,3.16,65.3,NE,0.15
2022-06-27 16:00:00,3.63,66.52,NE,0.15
2022-06-27 17:00:00,5.48,70.45,E,0.26794871794871794
2022-06-27 18:00:00,4.39,75.25,E,0.26794871794871794
2022-06-27 19:00:00,4.14,113.4,SE,0.0782051282051282
2022-06-27 20:00:00,3.0,153.0,SE,0.0782051282051282
2022-06-27 21:00:00,2.08,171.8,S,0.1064102564102564
2022-06-27 22:00:00,2.07,229.37,SW,0.21987179487179487
2022-06-27 23:00:00,1.47,258.32,W,0.1685897435897436
2022-06-28 00:00:00,0.54,255.92,W,0.1685897435897436
2022-06-28 01:00:00,0.62,230.47,SW,0.21987179487179487
2022-06-28 02:00:00,0.51,258.0,W,0.1685897435897436
2022-06-28 03:00:00,0.6,268.12,W,0.1685897435897436
2022-06-28 04:00:00,0.56,266.78,W,0.1685897435897436
2022-06-28 05:00:00,0.32,235.3,SW,0.21987179487179487
2022-06-28 06:00:00,0.63,76.38,E,0.26794871794871794
2022-06-28 07:00:00,1.0,175.02,S,0.1064102564102564
2022-06-28 08:00:00,2.42,67.27,NE,0.15
2022-06-28 09:00:00,2.91,63.6,NE,0.15
2022-06-28 10:00:00,3.85,62.3,NE,0.15
2022-06-28 11:00:00,4.15,59.87,NE,0.15
2022-06-28 12:00:00,4.45,67.43,NE,0.15
2022-06-28 13:00:00,4.87,66.08,NE,0.15
2022-06-28 14:00:00,5.29,72.02,E,0.26794871794871794
2022-06-28 15:00:00,5.6,74.55,E,0.26794871794871794
2022-06-28 16:00:00,4.96,69.27,E,0.26794871794871794
2022-06-28 17:00:00,5.19,69.32,E,0.26794871794871794
2022-06-28 18:00:00,3.89,109.18,E,0.26794871794871794
2022-06-28 19:00:00,3.87,190.75,S,0.1064102564102564
2022-06-28 20:00:00,3.65,215.12,SW,0.21987179487179487
2022-06-28 21:00:00,3.99,309.02,NW,0.008974358974358974
2022-06-28 22:00:00,3.04,267.7,W,0.1685897435897436
2022-06-28 23:00:00,6.68,245.03,SW,0.21987179487179487
2022-06-29 00:00:00,8.54,245.5,SW,0.21987179487179487
2022-06-29 01:00:00,8.69,232.93,SW,0.21987179487179487
2022-06-29 02:00:00,1.58,163.1,S,0.1064102564102564
2022-06-29 03:00:00,1.02,268.5,W,0.1685897435897436
2022-06-29 04:00:00,0.81,233.83,SW,0.21987179487179487
2022-06-29 05:00:00,0.77,213.58,SW,0.21987179487179487
2022-06-29 06:00:00,0.41,265.67,W,0.1685897435897436
2022-06-29 07:00:00,1.29,174.88,S,0.1064102564102564
2022-06-29 08:00:00,1.69,108.03,E,0.26794871794871794
2022-06-29 09:00:00,1.99,161.65,S,0.1064102564102564
2022-06-29 10:00:00,2.94,98.07,E,0.26794871794871794
2022-06-29 11:00:00,4.01,65.1,NE,0.15
2022-06-29 12:00:00,4.37,71.5,E,0.26794871794871794
2022-06-29 13:00:00,4.72,68.45,E,0.26794871794871794
2022-06-29 14:00:00,4.59,68.32,E,0.26794871794871794
2022-06-29 15:00:00,4.31,65.52,NE,0.15
2022-06-29 16:00:00,4.12,60.27,NE,0.15
2022-06-29 17:00:00,3.55,53.35,NE,0.15
2022-06-29 18:00:00,5.0,52.3,NE,0.15
2022-06-29 19:00:00,4.05,122.45,SE,0.0782051282051282
2022-06-29 20:00:00,3.23,234.43,SW,0.21987179487179487
2022-06-29 21:00:00,3.4,286.57,W,0.1685897435897436
2022-06-29 22:00:00,2.31,228.8,SW,0.21987179487179487
2022-06-29 23:00:00,2.14,256.95,W,0.1685897435897436
2022-06-30 00:00:00,1.32,236.95,SW,0.21987179487179487
2022-06-30 01:00:00,1.24,244.75,SW,0.21987179487179487
2022-06-30 02:00:00,0.49,258.08,W,0.1685897435897436
2022-06-30 03:00:00,0.21,252.25,W,0.1685897435897436
2022-06-30 04:00:00,0.23,275.62,W,0.1685897435897436
2022-06-30 05:00:00,0.3,243.05,SW,0.21987179487179487
2022-06-30 06:00:00,0.35,257.05,W,0.1685897435897436
2022-06-30 07:00:00,0.68,235.32,SW,0.21987179487179487
2022-07-01 00:00:00,0.54,263.92,W,0.1685897435897436
2022-07-01 01:00:00,0.58,250.78,W,0.1685897435897436
2022-07-01 02:00:00,0.75,273.68,W,0.1685897435897436
2022-07-01 03:00:00,0.63,266.9,W,0.1685897435897436
2022-07-01 04:00:00,1.07,250.52,W,0.1685897435897436
2022-07-01 05:00:00,0.52,250.67,W,0.1685897435897436
2022-07-01 06:00:00,0.6,228.22,SW,0.21987179487179487
2022-07-01 07:00:00,1.04,311.38,NW,0.008974358974358974
2022-07-01 08:00:00,1.58,147.18,SE,0.0782051282051282
2022-07-01 09:00:00,2.28,68.3,E,0.26794871794871794
2022-07-01 10:00:00,2.19,68.93,E,0.26794871794871794
2022-07-01 11:00:00,2.45,62.98,NE,0.15
2022-07-01 12:00:00,3.45,56.93,NE,0.15
2022-07-01 13:00:00,3.81,71.97,E,0.26794871794871794
2022-07-01 14:00:00,4.23,65.67,NE,0.15
2022-07-01 15:00:00,5.86,80.15,E,0.26794871794871794
2022-07-01 16:00:00,3.99,71.4,E,0.26794871794871794
2022-07-01 17:00:00,4.64,65.37,NE,0.15
2022-07-01 18:00:00,4.3,64.68,NE,0.15
2022-07-01 19:00:00,2.26,176.37,S,0.1064102564102564
2022-07-01 20:00:00,1.75,249.48,W,0.1685897435897436
2022-07-01 21:00:00,1.18,247.68,W,0.1685897435897436
2022-07-01 22:00:00,1.31,103.37,E,0.26794871794871794
2022-07-01 23:00:00,0.66,177.88,S,0.1064102564102564
2022-07-02 00:00:00,0.47,269.97,W,0.1685897435897436
2022-07-02 01:00:00,0.51,243.1,SW,0.21987179487179487
2022-07-02 02:00:00,0.58,276.85,W,0.1685897435897436
2022-07-02 03:00:00,1.13,246.52,SW,0.21987179487179487
2022-07-02 04:00:00,0.73,252.12,W,0.1685897435897436
2022-07-02 05:00:00,1.44,243.73,SW,0.21987179487179487
2022-07-02 06:00:00,0.55,165.72,S,0.1064102564102564
2022-07-02 07:00:00,0.82,291.42,W,0.1685897435897436
2022-07-02 08:00:00,1.69,64.9,NE,0.15
2022-07-02 09:00:00,2.05,76.53,E,0.26794871794871794
2022-07-02 10:00:00,1.72,146.2,SE,0.0782051282051282
2022-07-02 11:00:00,2.64,59.25,NE,0.15
2022-07-02 12:00:00,3.36,60.38,NE,0.15
2022-07-02 13:00:00,3.39,53.25,NE,0.15
2022-07-02 14:00:00,3.68,72.75,E,0.26794871794871794
2022-07-02 15:00:00,5.83,155.4,SE,0.0782051282051282
2022-07-02 16:00:00,4.01,279.33,W,0.1685897435897436
2022-07-02 17:00:00,4.92,49.2,NE,0.15
2022-07-02 18:00:00,4.0,56.63,NE,0.15
2022-07-02 19:00:00,2.82,82.03,E,0.26794871794871794
2022-07-02 20:00:00,2.86,124.63,SE,0.0782051282051282
2022-07-02 21:00:00,1.8,154.28,SE,0.0782051282051282
2022-07-02 22:00:00,1.07,208.2,SW,0.21987179487179487
2022-07-02 23:00:00,0.81,191.52,S,0.1064102564102564
2022-07-03 00:00:00,0.61,271.4,W,0.1685897435897436
2022-07-03 01:00:00,1.57,252.63,W,0.1685897435897436
2022-07-03 02:00:00,0.7,142.2,SE,0.0782051282051282
2022-07-03 03:00:00,0.7,128.02,SE,0.0782051282051282
2022-07-03 04:00:00,0.26,135.85,SE,0.0782051282051282
2022-07-03 05:00:00,0.59,113.92,SE,0.0782051282051282
2022-07-03 06:00:00,0.72,89.3,E,0.26794871794871794
2022-07-03 07:00:00,1.28,68.93,E,0.26794871794871794
2022-07-03 08:00:00,1.58,68.07,E,0.26794871794871794
2022-07-03 09:00:00,3.05,75.33,E,0.26794871794871794
2022-07-03 10:00:00,3.56,75.33,E,0.26794871794871794
2022-07-03 11:00:00,4.39,69.67,E,0.26794871794871794
2022-07-03 12:00:00,4.27,73.83,E,0.26794871794871794
2022-07-03 13:00:00,4.63,64.68,NE,0.15
2022-07-03 14:00:00,5.43,59.85,NE,0.15
2022-07-03 15:00:00,4.87,70.35,E,0.26794871794871794
2022-07-03 16:00:00,5.25,61.4,NE,0.15
2022-07-03 17:00:00,5.0,47.55,NE,0.15
2022-07-03 18:00:00,3.9,44.92,NE,0.15
2022-07-03 19:00:00,3.66,53.78,NE,0.15
2022-07-03 20:00:00,2.77,218.73,SW,0.21987179487179487
2022-07-03 21:00:00,1.79,268.68,W,0.1685897435897436
2022-07-03 22:00:00,0.49,202.32,S,0.1064102564102564
2022-07-03 23:00:00,0.42,168.27,S,0.1064102564102564
2022-07-04 00:00:00,0.69,249.32,W,0.1685897435897436
2022-07-04 01:00:00,0.74,253.48,W,0.1685897435897436
2022-07-04 02:00:00,0.94,143.73,SE,0.0782051282051282
2022-07-04 03:00:00,0.93,185.58,S,0.1064102564102564
2022-07-04 04:00:00,2.3,233.32,SW,0.21987179487179487
2022-07-04 05:00:00,0.55,269.03,W,0.1685897435897436
2022-07-04 06:00:00,0.81,250.33,W,0.1685897435897436
2022-07-04 07:00:00,1.41,216.38,SW,0.21987179487179487
2022-07-04 08:00:00,2.07,126.73,SE,0.0782051282051282
2022-07-04 09:00:00,2.94,69.37,E,0.26794871794871794
2022-07-04 10:00:00,3.98,67.28,NE,0.15
2022-07-04 11:00:00,4.07,69.07,E,0.26794871794871794
2022-07-04 12:00:00,4.28,64.1,NE,0.15
2022-07-04 13:00:00,5.7,56.8,NE,0.15
2022-07-04 14:00:00,5.61,57.08,NE,0.15
2022-07-04 15:00:00,5.48,54.03,NE,0.15
2022-07-04 16:00:00,5.88,60.87,NE,0.15
2022-07-04 17:00:00,5.58,57.2,NE,0.15
2022-07-04 18:00:00,5.82,65.03,NE,0.15
2022-07-04 19:00:00,3.73,81.23,E,0.26794871794871794
2022-07-04 20:00:00,3.01,196.57,S,0.1064102564102564
2022-07-04 21:00:00,1.55,274.1,W,0.1685897435897436
2022-07-04 22:00:00,1.42,247.87,W,0.1685897435897436
2022-07-04 23:00:00,0.97,269.33,W,0.1685897435897436
2022-07-05 00:00:00,1.14,108.43,E,0.26794871794871794
2022-07-05 01:00:00,0.29,150.23,SE,0.0782051282051282
2022-07-05 02:00:00,0.34,229.27,SW,0.21987179487179487
2022-07-05 03:00:00,2.03,233.68,SW,0.21987179487179487
2022-07-05 04:00:00,0.46,262.02,W,0.1685897435897436
2022-07-05 05:00:00,0.52,238.58,SW,0.21987179487179487
2022-07-05 06:00:00,0.7,246.3,SW,0.21987179487179487
2022-07-05 07:00:00,1.13,280.4,W,0.1685897435897436
2022-07-13 18:00:00,2.5,131.5,SE,0.0782051282051282
2022-07-13 19:00:00,3.49,108.85,E,0.26794871794871794
2022-07-14 13:00:00,5.04,71.92,E,0.26794871794871794
2022-07-14 14:00:00,4.1,73.8,E,0.26794871794871794
2022-07-14 15:00:00,5.15,75.82,E,0.26794871794871794
2022-07-14 16:00:00,4.41,78.3,E,0.26794871794871794
2022-07-14 17:00:00,3.77,76.07,E,0.26794871794871794
2022-07-14 18:00:00,2.75,70.13,E,0.26794871794871794
2022-07-14 19:00:00,1.81,71.25,E,0.26794871794871794
2022-07-14 20:00:00,0.8,75.68,E,0.26794871794871794
2022-07-14 21:00:00,0.72,265.07,W,0.1685897435897436
2022-07-14 22:00:00,0.9,251.1,W,0.1685897435897436
2022-07-14 23:00:00,0.77,249.87,W,0.1685897435897436
2022-07-15 00:00:00,0.56,246.53,SW,0.21987179487179487
2022-07-15 01:00:00,0.35,249.0,W,0.1685897435897436
2022-07-15 02:00:00,0.78,232.93,SW,0.21987179487179487
2022-07-15 03:00:00,0.67,224.5,SW,0.21987179487179487
2022-07-15 04:00:00,0.7,241.73,SW,0.21987179487179487
2022-07-15 05:00:00,0.58,242.25,SW,0.21987179487179487
2022-07-15 06:00:00,0.51,242.77,SW,0.21987179487179487
2022-07-15 07:00:00,0.6,210.73,SW,0.21987179487179487
2022-07-15 08:00:00,1.88,70.13,E,0.26794871794871794
2022-07-15 09:00:00,1.75,57.7,NE,0.15
2022-07-15 10:00:00,2.4,64.48,NE,0.15
2022-07-15 11:00:00,3.08,70.47,E,0.26794871794871794
2022-07-15 12:00:00,3.24,63.45,NE,0.15
2022-07-15 13:00:00,3.15,68.78,E,0.26794871794871794
2022-07-15 14:00:00,3.84,74.92,E,0.26794871794871794
2022-07-15 15:00:00,3.97,58.12,NE,0.15
2022-07-15 16:00:00,4.02,73.02,E,0.26794871794871794
2022-07-15 17:00:00,4.22,70.7,E,0.26794871794871794
2022-07-15 18:00:00,3.49,62.6,NE,0.15
2022-07-15 19:00:00,3.14,77.37,E,0.26794871794871794
2022-07-15 20:00:00,2.49,153.17,SE,0.0782051282051282
2022-07-15 21:00:00,1.95,242.27,SW,0.21987179487179487
2022-07-15 22:00:00,1.77,244.57,SW,0.21987179487179487
2022-07-15 23:00:00,2.68,239.05,SW,0.21987179487179487
2022-07-16 00:00:00,1.65,242.93,SW,0.21987179487179487
2022-07-16 01:00:00,0.45,277.82,W,0.1685897435897436
2022-07-16 02:00:00,0.7,255.07,W,0.1685897435897436
2022-07-16 03:00:00,0.46,247.75,W,0.1685897435897436
2022-07-16 04:00:00,0.65,242.18,SW,0.21987179487179487
2022-07-16 05:00:00,0.52,246.18,SW,0.21987179487179487
2022-07-16 06:00:00,0.55,252.92,W,0.1685897435897436
2022-07-16 07:00:00,0.65,198.22,S,0.1064102564102564
2022-07-16 08:00:00,1.29,87.68,E,0.26794871794871794
2022-07-16 09:00:00,1.94,63.73,NE,0.15
2022-07-16 10:00:00,2.33,54.43,NE,0.15
2022-07-16 11:00:00,2.76,62.78,NE,0.15
2022-07-16 12:00:00,3.01,66.05,NE,0.15
2022-07-16 13:00:00,4.01,69.02,E,0.26794871794871794
2022-07-16 14:00:00,4.01,70.3,E,0.26794871794871794
2022-07-16 15:00:00,3.77,71.35,E,0.26794871794871794
2022-07-16 16:00:00,3.45,65.42,NE,0.15
2022-07-16 17:00:00,3.37,65.98,NE,0.15
2022-07-16 18:00:00,2.66,71.83,E,0.26794871794871794
2022-07-16 19:00:00,2.17,52.08,NE,0.15
2022-07-16 20:00:00,1.73,252.4,W,0.1685897435897436
2022-07-16 21:00:00,2.32,239.52,SW,0.21987179487179487
2022-07-16 22:00:00,2.45,243.63,SW,0.21987179487179487
2022-07-16 23:00:00,2.06,247.6,W,0.1685897435897436
2022-07-17 00:00:00,1.71,246.78,SW,0.21987179487179487
2022-07-17 01:00:00,0.53,238.58,SW,0.21987179487179487
2022-07-17 02:00:00,0.2,247.93,W,0.1685897435897436
2022-07-17 03:00:00,0.8,273.37,W,0.1685897435897436
2022-07-17 04:00:00,0.55,253.47,W,0.1685897435897436
2022-07-17 05:00:00,0.27,224.0,SW,0.21987179487179487
2022-07-17 06:00:00,0.3,230.08,SW,0.21987179487179487
2022-07-17 07:00:00,0.93,105.6,E,0.26794871794871794
2022-07-17 08:00:00,1.29,95.13,E,0.26794871794871794
2022-07-17 09:00:00,1.72,65.62,NE,0.15
2022-07-17 10:00:00,2.6,116.35,SE,0.0782051282051282
2022-07-17 11:00:00,2.59,179.87,S,0.1064102564102564
2022-07-17 12:00:00,2.37,137.07,SE,0.0782051282051282
2022-07-17 13:00:00,4.86,75.87,E,0.26794871794871794
2022-07-17 14:00:00,5.41,71.48,E,0.26794871794871794
2022-07-17 15:00:00,4.86,57.77,NE,0.15
2022-07-17 16:00:00,4.96,39.47,NE,0.15
2022-07-17 17:00:00,5.2,77.38,E,0.26794871794871794
2022-07-17 18:00:00,4.36,73.18,E,0.26794871794871794
2022-07-17 19:00:00,4.4,67.8,E,0.26794871794871794
2022-07-17 20:00:00,2.07,80.18,E,0.26794871794871794
2022-07-17 21:00:00,1.9,208.82,SW,0.21987179487179487
2022-07-17 22:00:00,0.73,252.82,W,0.1685897435897436
2022-07-17 23:00:00,0.34,275.37,W,0.1685897435897436
2022-07-18 00:00:00,0.45,217.2,SW,0.21987179487179487
2022-07-18 01:00:00,0.9,235.1,SW,0.21987179487179487
2022-07-18 02:00:00,1.75,223.3,SW,0.21987179487179487
2022-07-18 03:00:00,3.64,215.98,SW,0.21987179487179487
2022-07-18 04:00:00,1.68,217.12,SW,0.21987179487179487
2022-07-18 05:00:00,1.55,122.17,SE,0.0782051282051282
2022-07-18 06:00:00,1.14,133.77,SE,0.0782051282051282
2022-07-18 07:00:00,2.25,156.17,SE,0.0782051282051282
2022-07-18 08:00:00,2.94,217.23,SW,0.21987179487179487
2022-07-18 09:00:00,2.47,124.62,SE,0.0782051282051282
2022-07-18 10:00:00,3.62,234.68,SW,0.21987179487179487
2022-07-18 11:00:00,3.49,124.17,SE,0.0782051282051282
2022-07-18 12:00:00,5.29,65.48,NE,0.15
2022-07-18 13:00:00,5.38,68.3,E,0.26794871794871794
2022-07-18 14:00:00,5.42,70.88,E,0.26794871794871794
2022-07-18 15:00:00,5.36,60.87,NE,0.15
2022-07-18 16:00:00,6.41,68.08,E,0.26794871794871794
2022-07-18 17:00:00,6.53,75.93,E,0.26794871794871794
2022-07-18 18:00:00,5.63,85.78,E,0.26794871794871794
2022-07-18 19:00:00,5.15,128.45,SE,0.0782051282051282
2022-07-18 20:00:00,3.64,136.7,SE,0.0782051282051282
2022-07-18 21:00:00,2.4,201.27,S,0.1064102564102564
2022-07-18 22:00:00,0.9,260.43,W,0.1685897435897436
2022-07-18 23:00:00,0.65,265.5,W,0.1685897435897436
2022-07-19 00:00:00,0.58,138.57,SE,0.0782051282051282
2022-07-19 01:00:00,1.17,102.83,E,0.26794871794871794
2022-07-19 02:00:00,1.63,71.68,E,0.26794871794871794
2022-07-19 03:00:00,0.76,245.22,SW,0.21987179487179487
2022-07-19 04:00:00,1.21,249.72,W,0.1685897435897436
2022-07-19 05:00:00,1.42,195.15,S,0.1064102564102564
2022-07-19 06:00:00,0.78,93.13,E,0.26794871794871794
2022-07-19 07:00:00,2.07,69.58,E,0.26794871794871794
2022-07-19 08:00:00,1.86,60.23,NE,0.15
2022-07-19 09:00:00,2.79,63.55,NE,0.15
2022-07-19 10:00:00,3.82,66.98,NE,0.15
2022-07-19 11:00:00,4.51,71.35,E,0.26794871794871794
2022-07-19 12:00:00,4.7,69.47,E,0.26794871794871794
2022-07-19 13:00:00,4.81,61.27,NE,0.15
2022-07-19 14:00:00,5.83,71.08,E,0.26794871794871794
2022-07-19 15:00:00,5.33,72.22,E,0.26794871794871794
2022-07-19 16:00:00,6.08,71.67,E,0.26794871794871794
2022-07-19 17:00:00,5.02,50.13,NE,0.15
2022-07-19 18:00:00,4.88,75.05,E,0.26794871794871794
2022-07-19 19:00:00,3.39,89.18,E,0.26794871794871794
2022-07-19 20:00:00,3.13,224.83,SW,0.21987179487179487
2022-07-19 21:00:00,1.78,269.1,W,0.1685897435897436
2022-07-19 22:00:00,0.92,247.78,W,0.1685897435897436
2022-07-19 23:00:00,0.79,257.77,W,0.1685897435897436
2022-07-20 00:00:00,0.92,254.87,W,0.1685897435897436
2022-07-20 01:00:00,0.79,244.93,SW,0.21987179487179487
2022-07-20 02:00:00,0.42,245.05,SW,0.21987179487179487
2022-07-20 03:00:00,0.85,253.62,W,0.1685897435897436
2022-07-20 04:00:00,0.57,244.38,SW,0.21987179487179487
2022-07-20 05:00:00,0.56,249.63,W,0.1685897435897436
2022-07-20 06:00:00,0.67,246.7,SW,0.21987179487179487
2022-07-20 07:00:00,0.86,191.92,S,0.1064102564102564
2022-07-20 08:00:00,1.49,69.98,E,0.26794871794871794
2022-07-20 09:00:00,2.58,67.08,NE,0.15
2022-07-20 10:00:00,4.36,70.42,E,0.26794871794871794
2022-07-20 11:00:00,5.11,68.67,E,0.26794871794871794
2022-07-20 12:00:00,4.62,75.55,E,0.26794871794871794
2022-07-20 13:00:00,4.51,75.92,E,0.26794871794871794
2022-07-20 14:00:00,3.36,95.17,E,0.26794871794871794
2022-07-20 15:00:00,4.41,79.68,E,0.26794871794871794
2022-07-20 16:00:00,5.37,69.28,E,0.26794871794871794
2022-07-20 17:00:00,4.08,74.42,E,0.26794871794871794
2022-07-20 18:00:00,4.2,46.93,NE,0.15
2022-07-20 19:00:00,2.79,83.68,E,0.26794871794871794
2022-07-20 20:00:00,2.47,289.3,W,0.1685897435897436
2022-07-20 21:00:00,1.85,276.3,W,0.1685897435897436
2022-07-20 22:00:00,1.06,251.53,W,0.1685897435897436
2022-07-20 23:00:00,0.46,249.92,W,0.1685897435897436
2022-07-21 00:00:00,0.19,226.0,SW,0.21987179487179487
2022-07-21 01:00:00,0.81,240.75,SW,0.21987179487179487
2022-07-21 02:00:00,0.7,250.17,W,0.1685897435897436
2022-07-21 03:00:00,0.56,251.97,W,0.1685897435897436
2022-07-21 04:00:00,0.91,242.5,SW,0.21987179487179487
2022-07-21 05:00:00,0.74,246.77,SW,0.21987179487179487
2022-07-21 06:00:00,0.48,247.83,W,0.1685897435897436
2022-07-21 07:00:00,0.52,241.83,SW,0.21987179487179487
2022-07-21 08:00:00,0.72,115.33,SE,0.0782051282051282
2022-07-21 09:00:00,2.29,69.2,E,0.26794871794871794
2022-07-21 10:00:00,2.97,71.4,E,0.26794871794871794
2022-07-21 11:00:00,3.01,72.9,E,0.26794871794871794
2022-07-21 12:00:00,3.65,64.05,NE,0.15
2022-07-21 13:00:00,3.31,57.78,NE,0.15
2022-07-21 14:00:00,4.28,69.55,E,0.26794871794871794
2022-07-21 15:00:00,4.87,67.17,NE,0.15
2022-07-21 16:00:00,5.24,75.68,E,0.26794871794871794
2022-07-21 17:00:00,3.26,81.28,E,0.26794871794871794
2022-07-21 18:00:00,1.8,75.08,E,0.26794871794871794
2022-07-21 19:00:00,2.47,118.58,SE,0.0782051282051282
2022-07-21 20:00:00,2.04,291.6,W,0.1685897435897436
2022-07-21 21:00:00,1.59,253.18,W,0.1685897435897436
2022-07-21 22:00:00,0.82,278.87,W,0.1685897435897436
2022-07-21 23:00:00,1.05,264.33,W,0.1685897435897436
2022-07-22 00:00:00,1.51,244.6,SW,0.21987179487179487
2022-07-22 01:00:00,1.72,247.68,W,0.1685897435897436
2022-07-22 02:00:00,0.68,244.0,SW,0.21987179487179487
2022-07-22 03:00:00,0.88,248.52,W,0.1685897435897436
2022-07-22 04:00:00,0.62,217.65,SW,0.21987179487179487
2022-07-22 05:00:00,0.4,253.57,W,0.1685897435897436
2022-07-22 06:00:00,0.55,245.05,SW,0.21987179487179487
2022-07-22 07:00:00,0.34,267.9,W,0.1685897435897436
2022-07-22 08:00:00,0.72,93.43,E,0.26794871794871794
2022-07-22 09:00:00,1.85,68.72,E,0.26794871794871794
2022-07-22 10:00:00,1.83,63.93,NE,0.15
2022-07-22 11:00:00,2.54,66.33,NE,0.15
2022-07-22 12:00:00,1.82,84.87,E,0.26794871794871794
2022-07-22 13:00:00,2.84,58.47,NE,0.15
2022-07-22 14:00:00,4.0,67.05,NE,0.15
2022-07-22 15:00:00,3.9,60.82,NE,0.15
2022-07-22 16:00:00,4.35,59.53,NE,0.15
2022-07-22 17:00:00,3.9,57.53,NE,0.15
2022-07-22 18:00:00,4.02,63.25,NE,0.15
2022-07-22 19:00:00,2.97,112.22,E,0.26794871794871794
2022-07-22 20:00:00,2.08,181.15,S,0.1064102564102564
2022-07-22 21:00:00,0.56,199.73,S,0.1064102564102564
2022-07-22 22:00:00,0.55,266.97,W,0.1685897435897436
2022-07-22 23:00:00,0.4,223.63,SW,0.21987179487179487
2022-07-23 00:00:00,0.95,102.53,E,0.26794871794871794
2022-07-23 01:00:00,1.38,88.85,E,0.26794871794871794
2022-07-23 02:00:00,0.46,234.32,SW,0.21987179487179487
2022-07-23 03:00:00,0.66,203.58,SW,0.21987179487179487
2022-07-23 04:00:00,0.6,255.93,W,0.1685897435897436
2022-07-23 05:00:00,0.5,246.3,SW,0.21987179487179487
2022-07-23 06:00:00,0.49,99.5,E,0.26794871794871794
2022-07-23 07:00:00,1.09,81.68,E,0.26794871794871794
2022-07-23 08:00:00,1.26,75.75,E,0.26794871794871794
2022-07-23 09:00:00,1.46,88.6,E,0.26794871794871794
2022-07-23 10:00:00,1.87,72.47,E,0.26794871794871794
2022-07-23 11:00:00,2.56,68.9,E,0.26794871794871794
2022-07-23 12:00:00,2.91,64.17,NE,0.15
2022-07-23 13:00:00,2.96,65.72,NE,0.15
2022-07-23 14:00:00,2.9,87.07,E,0.26794871794871794
2022-07-23 15:00:00,2.18,80.13,E,0.26794871794871794
2022-07-23 16:00:00,1.96,60.3,NE,0.15
2022-07-23 17:00:00,2.02,80.68,E,0.26794871794871794
2022-07-23 18:00:00,1.53,71.57,E,0.26794871794871794
2022-07-23 19:00:00,1.33,67.3,NE,0.15
2022-07-23 20:00:00,0.69,80.07,E,0.26794871794871794
2022-07-23 21:00:00,0.59,84.92,E,0.26794871794871794
2022-07-23 22:00:00,0.49,239.08,SW,0.21987179487179487
2022-07-23 23:00:00,0.63,246.93,SW,0.21987179487179487
2022-07-24 00:00:00,0.78,244.28,SW,0.21987179487179487
2022-07-24 01:00:00,0.37,259.7,W,0.1685897435897436
2022-07-24 02:00:00,0.49,260.0,W,0.1685897435897436
2022-07-24 03:00:00,1.08,241.13,SW,0.21987179487179487
2022-07-24 04:00:00,0.95,245.7,SW,0.21987179487179487
2022-07-24 05:00:00,0.72,242.55,SW,0.21987179487179487
2022-07-24 06:00:00,0.39,243.22,SW,0.21987179487179487
2022-07-24 07:00:00,0.28,124.98,SE,0.0782051282051282
2022-07-24 08:00:00,1.41,76.68,E,0.26794871794871794
2022-07-24 09:00:00,1.42,71.38,E,0.26794871794871794
2022-07-24 10:00:00,1.7,71.87,E,0.26794871794871794
2022-07-24 11:00:00,1.69,69.7,E,0.26794871794871794
2022-07-24 12:00:00,1.88,57.98,NE,0.15
2022-07-24 13:00:00,2.23,63.7,NE,0.15
2022-07-24 14:00:00,2.68,83.68,E,0.26794871794871794
2022-07-24 15:00:00,3.17,86.32,E,0.26794871794871794
2022-07-24 16:00:00,3.7,57.47,NE,0.15
2022-07-24 17:00:00,3.82,78.58,E,0.26794871794871794
2022-07-24 18:00:00,5.18,81.45,E,0.26794871794871794
2022-07-24 19:00:00,2.91,57.87,NE,0.15
2022-07-24 20:00:00,1.45,152.65,SE,0.0782051282051282
2022-07-24 21:00:00,1.2,200.43,S,0.1064102564102564
2022-07-24 22:00:00,0.98,61.4,NE,0.15
2022-07-24 23:00:00,1.7,164.12,S,0.1064102564102564
2022-07-25 00:00:00,2.02,163.35,S,0.1064102564102564
2022-07-25 01:00:00,4.71,155.78,SE,0.0782051282051282
2022-07-25 02:00:00,4.52,168.97,S,0.1064102564102564
2022-07-25 03:00:00,1.32,110.25,E,0.26794871794871794
2022-07-25 04:00:00,1.59,166.47,S,0.1064102564102564
2022-07-25 05:00:00,2.19,208.07,SW,0.21987179487179487
2022-07-25 06:00:00,2.79,204.28,SW,0.21987179487179487
2022-07-25 07:00:00,2.33,211.47,SW,0.21987179487179487
2022-07-25 08:00:00,1.17,180.68,S,0.1064102564102564
2022-07-25 09:00:00,2.33,155.15,SE,0.0782051282051282
2022-07-25 10:00:00,3.46,161.57,S,0.1064102564102564
2022-07-25 11:00:00,1.94,178.73,S,0.1064102564102564
2022-07-25 12:00:00,2.34,126.87,SE,0.0782051282051282
2022-07-25 13:00:00,3.2,76.22,E,0.26794871794871794
2022-07-25 14:00:00,6.06,73.58,E,0.26794871794871794
2022-07-25 15:00:00,4.13,70.75,E,0.26794871794871794
2022-07-25 16:00:00,5.15,62.22,NE,0.15
2022-07-25 17:00:00,4.68,75.03,E,0.26794871794871794
2022-07-25 18:00:00,4.83,120.32,SE,0.0782051282051282
2022-07-25 19:00:00,3.24,174.25,S,0.1064102564102564
2022-07-25 20:00:00,2.7,191.62,S,0.1064102564102564
2022-07-25 21:00:00,2.43,223.65,SW,0.21987179487179487
2022-07-25 22:00:00,1.86,230.35,SW,0.21987179487179487
2022-07-25 23:00:00,1.72,236.15,SW,0.21987179487179487
2022-07-26 00:00:00,0.61,252.12,W,0.1685897435897436
2022-07-26 01:00:00,0.23,282.75,W,0.1685897435897436
2022-07-26 02:00:00,0.17,270.95,W,0.1685897435897436
2022-07-26 03:00:00,0.5,274.1,W,0.1685897435897436
2022-07-26 04:00:00,0.99,108.87,E,0.26794871794871794
2022-07-26 05:00:00,0.28,196.42,S,0.1064102564102564
2022-07-26 06:00:00,0.89,206.7,SW,0.21987179487179487
2022-07-26 07:00:00,0.45,142.25,SE,0.0782051282051282
2022-07-26 08:00:00,1.18,82.98,E,0.26794871794871794
2022-07-26 09:00:00,2.01,68.38,E,0.26794871794871794
2022-07-26 10:00:00,1.6,83.22,E,0.26794871794871794
2022-07-26 11:00:00,2.33,68.68,E,0.26794871794871794
2022-07-26 12:00:00,3.13,64.18,NE,0.15
2022-07-26 13:00:00,3.14,76.8,E,0.26794871794871794
2022-07-26 14:00:00,3.05,87.37,E,0.26794871794871794
2022-07-26 15:00:00,4.35,82.22,E,0.26794871794871794
2022-07-26 16:00:00,5.38,77.45,E,0.26794871794871794
2022-07-26 17:00:00,4.76,67.97,E,0.26794871794871794
2022-07-26 18:00:00,6.58,70.63,E,0.26794871794871794
2022-07-26 19:00:00,4.6,65.57,NE,0.15
2022-07-26 20:00:00,3.4,69.62,E,0.26794871794871794
2022-07-26 21:00:00,1.6,106.62,E,0.26794871794871794
2022-07-26 22:00:00,1.38,235.73,SW,0.21987179487179487
2022-07-26 23:00:00,0.21,313.05,NW,0.008974358974358974
2022-07-27 00:00:00,0.22,258.08,W,0.1685897435897436
2022-07-27 01:00:00,0.51,262.1,W,0.1685897435897436
2022-07-27 02:00:00,0.64,248.67,W,0.1685897435897436
2022-07-27 03:00:00,0.8,171.35,S,0.1064102564102564
2022-07-27 04:00:00,0.48,188.52,S,0.1064102564102564
2022-07-27 05:00:00,0.65,242.6,SW,0.21987179487179487
2022-07-27 06:00:00,0.7,252.92,W,0.1685897435897436
2022-07-27 07:00:00,0.36,248.28,W,0.1685897435897436
2022-07-27 08:00:00,1.12,167.38,S,0.1064102564102564
2022-07-27 09:00:00,1.72,67.5,NE,0.15
2022-07-27 10:00:00,2.58,52.73,NE,0.15
2022-07-27 11:00:00,2.49,75.67,E,0.26794871794871794
2022-07-27 12:00:00,3.26,59.78,NE,0.15
2022-07-27 13:00:00,4.29,66.23,NE,0.15
2022-07-27 14:00:00,3.31,55.3,NE,0.15
2022-07-27 15:00:00,3.6,57.65,NE,0.15
2022-07-27 16:00:00,4.2,65.15,NE,0.15
2022-07-27 17:00:00,5.47,70.18,E,0.26794871794871794
2022-07-27 18:00:00,5.0,72.07,E,0.26794871794871794
2022-07-27 19:00:00,3.84,87.82,E,0.26794871794871794
2022-07-27 20:00:00,2.39,175.2,S,0.1064102564102564
2022-07-27 21:00:00,1.52,158.9,S,0.1064102564102564
2022-07-27 22:00:00,0.21,266.45,W,0.1685897435897436
2022-07-27 23:00:00,0.71,71.3,E,0.26794871794871794
2022-07-28 00:00:00,0.29,257.48,W,0.1685897435897436
2022-07-28 01:00:00,0.73,257.47,W,0.1685897435897436
2022-07-28 02:00:00,0.36,260.32,W,0.1685897435897436
2022-07-28 03:00:00,4.79,222.32,SW,0.21987179487179487
2022-07-28 04:00:00,5.99,218.6,SW,0.21987179487179487
2022-07-28 05:00:00,3.84,212.1,SW,0.21987179487179487
2022-07-28 06:00:00,2.27,227.35,SW,0.21987179487179487
2022-07-28 07:00:00,3.13,167.78,S,0.1064102564102564
2022-07-28 08:00:00,2.37,176.08,S,0.1064102564102564
2022-07-28 09:00:00,2.79,74.18,E,0.26794871794871794
2022-07-28 10:00:00,3.22,97.02,E,0.26794871794871794
2022-07-28 11:00:00,5.41,65.53,NE,0.15
2022-07-28 12:00:00,4.81,57.33,NE,0.15
2022-07-28 13:00:00,4.62,68.83,E,0.26794871794871794
2022-07-28 14:00:00,4.19,66.85,NE,0.15
2022-07-28 15:00:00,5.09,63.88,NE,0.15
2022-07-28 16:00:00,4.35,63.67,NE,0.15
2022-07-28 17:00:00,3.42,72.33,E,0.26794871794871794
2022-07-28 18:00:00,3.74,68.65,E,0.26794871794871794
2022-07-28 19:00:00,3.37,74.72,E,0.26794871794871794
2022-07-28 20:00:00,1.69,112.98,SE,0.0782051282051282
2022-07-28 21:00:00,0.43,243.12,SW,0.21987179487179487
2022-07-28 22:00:00,0.37,257.4,W,0.1685897435897436
2022-07-28 23:00:00,0.45,214.07,SW,0.21987179487179487
2022-07-29 00:00:00,1.25,176.77,S,0.1064102564102564
2022-07-29 01:00:00,0.67,238.22,SW,0.21987179487179487
2022-07-29 02:00:00,0.75,269.75,W,0.1685897435897436
2022-07-29 03:00:00,0.95,188.67,S,0.1064102564102564
2022-07-29 04:00:00,0.69,264.97,W,0.1685897435897436
2022-07-29 05:00:00,0.42,276.3,W,0.1685897435897436
2022-07-29 06:00:00,0.73,258.35,W,0.1685897435897436
2022-07-29 07:00:00,1.17,273.5,W,0.1685897435897436
