,NO2 (ppb),O3 (ppb),Humidity (%),Temp (C),windspeed,direction,wind direction
2022-05-13 12:00:00,15.67,43.97,43.93,27.63,1.46,68.0,E
2022-05-13 13:00:00,13.77,46.23,37.98,27.63,2.98,72.62,E
2022-05-13 14:00:00,13.21,48.69,38.15,27.4,5.81,71.18,E
2022-05-13 15:00:00,15.3,49.38,38.43,27.23,6.98,57.97,NE
2022-05-13 16:00:00,16.49,49.66,37.83,26.78,6.23,56.73,NE
2022-05-13 17:00:00,26.05,46.38,41.93,25.83,5.65,52.05,NE
2022-05-13 18:00:00,25.64,41.31,44.13,24.5,5.29,53.52,NE
2022-05-13 19:00:00,37.66,31.71,46.73,24.0,4.09,65.13,NE
2022-05-13 20:00:00,38.59,31.57,55.55,23.25,2.02,206.38,SW
2022-05-13 21:00:00,26.81,36.28,60.63,21.78,1.08,184.17,S
2022-05-13 22:00:00,22.75,31.77,57.98,21.2,0.92,131.65,SE
2022-05-13 23:00:00,20.32,32.38,58.73,20.6,1.76,111.63,E
2022-05-14 00:00:00,30.56,22.48,62.4,19.53,0.92,107.68,E
2022-05-14 01:00:00,28.22,19.71,62.63,18.73,0.95,191.03,S
2022-05-14 02:00:00,28.07,16.95,60.78,18.68,0.45,263.72,CALM
2022-05-14 03:00:00,34.12,15.1,63.98,18.35,0.13,244.0,CALM
2022-05-14 04:00:00,41.34,13.82,63.0,17.7,0.36,244.0,CALM
2022-05-14 05:00:00,35.66,13.15,61.73,18.63,0.62,250.87,W
2022-05-14 06:00:00,22.12,21.7,56.63,21.7,0.84,253.83,W
2022-05-14 07:00:00,11.78,32.47,53.33,23.35,0.65,249.87,W
2022-05-14 08:00:00,12.79,34.44,50.38,24.3,1.14,113.77,SE
2022-05-14 09:00:00,14.02,36.41,47.95,25.95,1.71,64.63,NE
2022-05-14 10:00:00,13.86,40.25,46.58,26.53,1.89,71.85,E
2022-05-14 11:00:00,16.81,46.85,47.85,27.2,2.51,60.62,NE
2022-05-14 12:00:00,16.62,46.7,47.48,28.0,2.91,69.22,E
2022-05-14 13:00:00,20.02,45.05,46.83,27.25,3.46,73.27,E
2022-05-14 14:00:00,17.56,47.74,44.48,27.55,4.11,74.73,E
2022-05-14 15:00:00,36.71,49.57,53.73,25.48,3.34,83.75,E
2022-05-14 16:00:00,92.68,19.88,75.83,21.65,4.83,74.45,E
2022-05-14 17:00:00,66.15,15.31,76.73,21.55,2.6,171.78,S
2022-05-14 18:00:00,62.23,12.21,76.18,20.98,0.57,256.47,W
2022-05-14 19:00:00,35.13,15.04,72.55,19.9,0.5,194.43,S
2022-05-14 20:00:00,49.16,7.0,73.33,19.23,0.91,214.17,SW
2022-05-14 21:00:00,58.39,3.72,76.03,18.8,1.2,251.95,W
2022-05-14 22:00:00,52.59,2.94,76.48,18.4,0.61,261.52,W
2022-05-14 23:00:00,45.65,3.75,76.8,18.13,0.48,250.02,CALM
2022-05-15 00:00:00,40.03,5.33,76.63,17.73,0.74,243.73,SW
2022-05-15 01:00:00,36.73,5.66,76.8,17.53,0.9,254.0,W
2022-05-15 02:00:00,34.89,4.78,79.33,17.3,0.57,244.83,SW
2022-05-15 03:00:00,34.57,2.23,81.18,17.2,0.84,243.35,SW
2022-05-15 04:00:00,36.67,0.8,81.88,17.23,1.23,241.83,SW
2022-05-15 05:00:00,35.9,13.294999999999998,80.9,18.6,0.54,237.1,SW
2022-05-15 06:00:00,14.83,9.78,68.48,22.08,0.72,239.5,SW
2022-05-15 07:00:00,7.44,18.45,57.13,25.2,0.32,233.67,CALM
2022-05-15 08:00:00,7.84,24.09,51.13,27.6,1.41,134.78,SE
2022-05-15 09:00:00,8.74,33.41,46.25,29.1,1.59,133.62,SE
2022-05-15 10:00:00,11.03,39.07,45.03,28.75,1.91,137.43,SE
2022-05-15 11:00:00,14.39,40.47,41.7,29.53,2.91,94.07,E
2022-05-15 12:00:00,11.76,40.09,38.4,31.08,2.31,72.18,E
2022-05-15 13:00:00,13.05,50.64,35.48,31.88,2.19,76.38,E
2022-05-15 14:00:00,12.11,53.22,34.73,31.13,2.3,114.3,SE
2022-05-15 15:00:00,24.36,57.91,41.38,30.1,3.71,56.6,NE
2022-05-15 16:00:00,27.34,53.14,44.28,28.7,4.06,50.32,NE
2022-05-15 17:00:00,27.38,50.29,45.93,27.73,4.49,54.93,NE
2022-05-15 18:00:00,30.25,44.01,49.88,26.3,3.76,73.58,E
2022-05-15 19:00:00,55.78,27.69,54.6,24.85,3.09,242.5,SW
2022-05-15 20:00:00,69.86,16.55,59.18,23.45,2.05,227.55,SW
2022-05-15 21:00:00,43.04,23.96,61.45,22.48,1.14,217.48,SW
2022-05-15 22:00:00,47.82,19.05,61.15,22.53,0.89,270.45,W
2022-05-15 23:00:00,47.43,16.7,63.83,21.63,0.89,233.8,SW
2022-05-16 00:00:00,34.42,19.75,66.05,20.68,0.43,269.88,CALM
2022-05-16 01:00:00,35.64,12.23,69.23,20.28,0.77,241.98,SW
2022-05-16 02:00:00,30.18,11.87,72.2,19.33,0.52,248.25,W
2022-05-16 03:00:00,34.95,7.73,74.7,18.55,0.51,254.47,W
2022-05-16 04:00:00,48.01,2.13,77.25,18.13,0.78,243.92,SW
2022-05-16 05:00:00,39.53,1.88,76.88,19.35,0.62,244.15,SW
2022-05-16 06:00:00,32.15,2.3,73.03,21.53,0.34,239.85,CALM
2022-05-16 07:00:00,26.79,8.72,67.23,23.53,0.69,187.4,S
2022-05-16 08:00:00,24.28,15.13,61.23,25.6,0.98,53.68,NE
2022-05-16 09:00:00,22.09,23.36,55.75,27.13,1.74,66.12,NE
2022-05-16 10:00:00,15.16,34.44,48.73,29.23,1.88,68.18,E
2022-05-16 11:00:00,14.34,42.99,45.18,30.03,2.26,63.2,NE
2022-05-16 12:00:00,14.42,45.91,44.05,30.03,2.67,67.9,E
2022-05-16 13:00:00,21.04,46.36,44.48,29.38,3.11,77.92,E
2022-05-16 14:00:00,17.46,49.29,45.4,28.9,4.65,51.95,NE
2022-05-16 15:00:00,21.89,49.2,45.13,28.2,4.67,66.0,NE
2022-05-16 16:00:00,21.65,45.45,42.75,28.33,5.73,67.52,E
2022-05-16 17:00:00,25.25,46.08,46.8,27.58,5.5,74.38,E
2022-05-16 18:00:00,33.2,42.54,52.25,25.88,3.92,77.32,E
2022-05-16 19:00:00,62.4,21.57,55.8,24.33,3.17,167.43,S
2022-05-16 20:00:00,67.68,15.52,58.38,23.1,2.32,230.72,SW
2022-05-16 21:00:00,61.81,13.94,57.65,22.08,0.99,247.3,SW
2022-05-16 22:00:00,54.54,14.45,57.15,21.3,0.69,236.72,SW
2022-05-16 23:00:00,41.28,11.96,64.38,20.7,0.7,245.65,SW
2022-05-17 00:00:00,46.44,14.21,70.38,20.0,1.07,268.18,W
2022-05-17 01:00:00,37.57,17.19,76.4,19.58,0.91,254.98,W
2022-05-17 02:00:00,32.05,18.66,80.9,19.15,0.49,242.13,CALM
2022-05-17 03:00:00,39.5,10.4,82.73,18.7,0.21,242.35,CALM
2022-05-17 04:00:00,49.08,1.2,83.1,18.3,0.32,245.68,CALM
2022-05-17 05:00:00,41.62,12.153,81.0,19.63,0.16,251.0,CALM
2022-05-17 06:00:00,28.63,3.07,71.98,22.78,0.18,251.0,CALM
2022-05-17 07:00:00,27.73,8.6,65.2,24.85,0.23,239.27,CALM
2022-05-17 08:00:00,28.81,15.54,62.15,25.78,0.88,76.02,E
2022-05-17 09:00:00,25.42,20.71,58.45,27.4,1.98,79.8,E
2022-05-17 10:00:00,10.38,32.7,46.78,29.28,1.95,70.7,E
2022-05-17 11:00:00,10.43,40.52,44.3,29.38,2.17,72.98,E
2022-05-17 12:00:00,18.27,42.5,44.03,30.58,2.64,71.8,E
2022-05-17 13:00:00,25.28,45.97,49.18,30.5,3.19,61.85,NE
2022-05-17 14:00:00,22.05,48.35,49.58,29.13,2.62,79.68,E
2022-05-17 15:00:00,27.66,43.39,50.5,28.45,2.91,84.68,E
2022-05-17 16:00:00,21.24,44.35,46.9,28.58,6.14,70.48,E
2022-05-17 17:00:00,23.61,44.79,46.68,27.98,4.43,87.5,E
2022-05-17 18:00:00,37.77,37.17,53.33,26.6,3.92,178.45,S
2022-05-17 19:00:00,66.73,21.25,58.48,25.25,3.33,199.07,S
2022-05-17 20:00:00,52.2,22.43,58.2,24.13,1.64,178.03,S
2022-05-17 21:00:00,30.03,27.29,64.33,23.4,0.99,269.93,W
2022-05-17 22:00:00,36.11,21.08,65.88,22.78,1.07,153.53,SE
2022-05-17 23:00:00,24.77,22.35,67.15,22.18,0.72,150.28,SE
2022-05-18 00:00:00,24.79,16.5,69.03,21.33,0.76,140.7,SE
2022-05-18 01:00:00,21.29,21.3,71.25,20.9,0.52,164.42,S
2022-05-18 02:00:00,11.99,26.08,67.15,21.05,0.61,271.8,W
2022-05-18 03:00:00,12.11,27.19,66.4,20.78,0.3,184.1,CALM
2022-05-18 04:00:00,19.76,25.7,64.98,20.65,0.83,267.87,W
2022-05-18 05:00:00,9.03,30.98,59.5,21.98,0.49,245.2,CALM
2022-05-18 06:00:00,12.02,27.47,55.78,23.93,0.71,200.68,S
2022-05-18 07:00:00,10.36,30.11,50.73,26.3,3.3,213.45,SW
2022-05-18 08:00:00,9.21,37.21,45.23,28.18,2.51,176.03,S
2022-05-18 09:00:00,9.25,40.76,42.03,29.63,2.49,187.25,S
2022-05-18 10:00:00,10.08,41.3,40.25,30.73,3.93,205.18,SW
2022-05-18 11:00:00,11.36,43.58,38.88,31.45,4.15,176.97,S
2022-05-18 12:00:00,12.66,45.9,38.33,31.65,4.71,190.07,S
2022-05-18 13:00:00,12.18,47.21,37.88,30.85,4.69,190.25,S
2022-05-18 14:00:00,13.27,51.75,39.83,29.45,4.65,185.18,S
2022-05-18 15:00:00,19.27,47.9,43.13,27.53,5.67,196.85,S
2022-05-18 16:00:00,19.89,44.41,46.1,25.8,5.98,180.07,S
2022-05-18 17:00:00,18.06,40.92,46.23,24.95,5.53,194.53,S
2022-05-18 18:00:00,15.99,43.37,49.3,24.08,4.99,211.15,SW
2022-05-18 19:00:00,23.64,42.96,61.43,21.68,4.75,218.72,SW
2022-05-18 20:00:00,15.01,34.01,62.88,19.03,6.44,230.42,SW
2022-05-18 21:00:00,8.79,33.26,60.38,17.23,6.31,246.83,SW
2022-05-18 22:00:00,8.09,32.97,55.78,16.6,4.42,285.92,W
2022-05-18 23:00:00,3.78,32.94,59.25,15.88,4.88,297.23,NW
2022-05-19 00:00:00,4.65,32.79,54.73,15.55,4.96,225.55,SW
2022-05-19 01:00:00,4.12,31.99,52.35,15.83,1.88,232.03,SW
2022-05-19 02:00:00,3.64,29.64,54.65,14.9,2.22,234.7,SW
2022-05-19 03:00:00,4.58,30.06,55.28,13.9,1.13,246.03,SW
2022-05-19 04:00:00,22.09,20.47,63.38,13.55,1.35,255.85,W
2022-05-19 05:00:00,21.16,21.93,66.35,15.05,2.22,249.93,W
2022-05-19 06:00:00,14.65,25.62,58.9,17.98,0.65,238.75,SW
2022-05-19 07:00:00,9.05,28.53,48.4,20.33,1.51,214.77,SW
2022-05-19 08:00:00,7.15,31.79,45.23,20.7,1.65,168.18,S
2022-05-19 09:00:00,7.92,34.55,43.25,20.68,1.72,124.1,SE
2022-05-19 10:00:00,9.41,34.84,41.38,21.48,3.86,87.12,E
2022-05-19 11:00:00,8.85,39.34,38.35,22.68,4.36,68.47,E
2022-05-19 12:00:00,9.76,41.79,36.23,23.55,4.11,79.38,E
2022-05-19 13:00:00,8.2,48.48,38.93,23.18,4.52,71.87,E
2022-05-19 14:00:00,10.62,46.01,39.3,22.75,4.87,74.33,E
2022-05-19 15:00:00,10.39,45.17,39.38,22.8,6.19,67.42,NE
2022-05-19 16:00:00,10.72,45.08,37.28,22.83,6.08,56.9,NE
2022-05-19 17:00:00,9.16,46.61,37.3,22.4,5.2,52.53,NE
2022-05-19 18:00:00,11.55,43.59,39.83,21.0,4.1,103.3,E
2022-05-19 19:00:00,32.75,28.74,43.1,19.73,3.37,193.98,S
2022-05-19 20:00:00,37.09,22.79,44.65,18.63,3.11,298.98,NW
2022-05-19 21:00:00,47.77,15.9,47.73,17.4,1.54,241.62,SW
2022-05-19 22:00:00,26.38,21.99,50.63,16.93,0.87,231.73,SW
2022-05-19 23:00:00,29.56,18.62,53.75,16.5,0.57,243.48,SW
2022-05-20 00:00:00,19.5,22.95,54.83,15.9,0.49,204.83,CALM
2022-05-20 01:00:00,17.77,23.38,55.0,15.35,0.24,236.93,CALM
2022-05-20 02:00:00,18.03,20.8,56.43,14.6,0.41,276.9,CALM
2022-05-20 03:00:00,23.0,19.01,58.88,14.3,0.78,265.93,W
2022-05-20 04:00:00,41.15,10.47,60.58,14.18,0.5,265.62,W
2022-05-20 05:00:00,45.21,7.09,62.65,15.93,1.13,249.77,W
2022-05-20 06:00:00,26.71,9.12,63.2,18.08,0.54,289.5,W
2022-05-20 07:00:00,28.93,8.1,57.25,19.95,0.95,159.45,S
2022-05-20 08:00:00,24.67,15.32,50.35,22.0,1.92,72.02,E
2022-05-20 09:00:00,11.21,32.27,43.35,23.78,1.66,71.2,E
2022-05-20 10:00:00,8.67,40.31,38.15,25.18,2.67,64.43,NE
2022-05-20 11:00:00,9.4,44.62,34.4,26.25,4.01,68.8,E
2022-05-20 12:00:00,10.77,49.79,33.95,26.63,4.22,73.63,E
2022-05-20 13:00:00,13.43,50.14,34.95,26.63,5.22,63.28,NE
2022-05-20 14:00:00,12.03,49.66,31.95,26.58,5.81,71.45,E
2022-05-20 15:00:00,15.8,48.31,30.28,26.9,5.16,70.63,E
2022-05-20 16:00:00,16.64,47.78,30.75,27.08,4.91,73.38,E
2022-05-20 17:00:00,17.55,47.64,30.4,26.5,3.84,43.97,NE
2022-05-20 18:00:00,23.76,45.56,33.03,24.8,3.09,99.03,E
2022-05-20 19:00:00,48.81,28.6,35.88,22.93,2.51,105.02,E
2022-05-20 20:00:00,55.73,22.32,38.7,21.25,2.47,251.32,W
2022-05-20 21:00:00,59.13,18.09,41.8,20.03,1.5,245.3,SW
2022-05-20 22:00:00,51.47,19.0,43.85,18.88,0.56,244.9,SW
2022-05-20 23:00:00,32.33,26.36,45.33,18.15,0.57,266.88,W
2022-05-21 00:00:00,21.58,31.51,45.08,18.03,0.76,255.7,W
2022-05-21 01:00:00,32.75,22.82,48.25,18.0,0.55,241.05,SW
2022-05-21 02:00:00,29.83,22.31,49.88,17.25,0.85,249.1,W
2022-05-21 03:00:00,45.23,14.71,54.13,16.4,0.48,273.85,CALM
2022-05-21 04:00:00,48.4,10.96,56.88,15.8,0.99,242.55,SW
2022-05-21 05:00:00,44.61,7.8,54.28,17.6,0.86,242.95,SW
2022-05-21 06:00:00,28.04,14.33,58.83,20.48,1.15,244.25,SW
2022-05-21 07:00:00,26.78,12.65,56.35,22.43,0.33,157.0,CALM
2022-05-21 08:00:00,25.41,16.71,51.3,23.9,1.5,71.52,E
2022-05-21 09:00:00,22.16,23.57,42.48,26.13,1.39,57.42,NE
2022-05-21 10:00:00,11.07,38.99,34.15,28.05,1.71,65.3,NE
2022-05-21 11:00:00,9.82,44.19,28.43,29.98,1.91,62.45,NE
2022-05-21 12:00:00,11.84,52.95,27.78,29.78,2.14,81.92,E
2022-05-21 13:00:00,13.98,54.51,29.58,29.6,2.44,70.85,E
2022-05-21 14:00:00,19.57,56.78,34.2,29.33,3.4,64.2,NE
2022-05-21 15:00:00,25.89,55.06,38.23,28.4,3.58,68.97,E
2022-05-21 16:00:00,32.89,50.57,43.63,28.0,4.18,69.7,E
2022-05-21 17:00:00,25.38,47.88,41.05,27.03,4.35,71.32,E
2022-05-21 18:00:00,36.16,43.86,42.35,26.23,2.74,79.63,E
2022-05-21 19:00:00,39.82,38.68,55.3,24.38,3.26,75.27,E
2022-05-21 20:00:00,65.1,14.85,51.53,22.78,1.7,103.1,E
2022-05-21 21:00:00,60.96,12.99,53.55,21.68,0.72,217.82,SW
2022-05-21 22:00:00,57.69,10.76,54.35,20.95,1.06,270.12,W
2022-05-21 23:00:00,43.69,15.47,52.05,20.1,0.46,267.63,CALM
2022-05-22 00:00:00,31.72,18.78,48.98,19.43,0.36,253.92,CALM
2022-05-22 01:00:00,26.38,21.3,48.05,18.98,0.73,248.95,W
2022-05-22 02:00:00,31.29,18.13,49.95,18.45,0.61,242.05,SW
2022-05-22 03:00:00,37.44,14.45,53.78,18.03,0.6,240.08,SW
2022-05-22 04:00:00,44.09,11.21,57.68,17.8,0.52,240.33,SW
2022-05-22 05:00:00,38.49,10.49,61.95,18.48,0.67,241.77,SW
2022-05-22 06:00:00,30.89,10.64,61.73,19.93,0.47,230.3,CALM
2022-05-22 07:00:00,34.52,8.03,56.93,21.75,0.88,140.87,SE
2022-05-22 08:00:00,25.49,21.42,46.75,25.83,0.94,61.23,NE
2022-05-22 09:00:00,19.45,28.04,46.08,28.6,0.46,109.82,CALM
2022-05-22 10:00:00,8.38,40.22,34.98,32.98,2.4,73.67,E
2022-05-22 11:00:00,10.18,45.23,28.35,35.28,1.95,77.43,E
2022-05-22 12:00:00,25.614,59.07899999999999,26.78,35.8,2.45,167.95,S
2022-05-22 13:00:00,21.17,54.92,29.43,34.63,2.82,178.22,S
2022-05-22 14:00:00,21.35,53.0,28.8,34.23,3.39,191.53,S
2022-05-22 15:00:00,23.047,55.912,27.88,34.05,4.54,206.05,SW
2022-05-22 16:00:00,20.46,53.35,30.38,33.03,2.47,194.33,S
2022-05-22 17:00:00,22.97,52.12,34.55,31.15,2.21,191.0,S
2022-05-22 18:00:00,37.85,51.52,41.15,29.0,1.7,193.82,S
2022-05-22 19:00:00,50.87,43.36,48.35,26.63,2.24,167.2,S
2022-05-22 20:00:00,56.36,24.89,64.68,22.43,2.08,282.95,W
2022-05-22 21:00:00,25.05,29.38,54.5,23.1,2.77,244.45,SW
2022-05-22 22:00:00,10.98,32.66,51.1,23.23,1.79,241.62,SW
2022-05-22 23:00:00,8.83,33.19,51.18,22.83,3.79,224.18,SW
2022-05-23 00:00:00,8.73,34.48,51.98,22.48,2.33,206.15,SW
2022-05-23 01:00:00,8.58,35.02,51.85,22.3,1.4,192.88,S
2022-05-23 02:00:00,24.11,19.94,60.28,21.28,4.57,219.3,SW
2022-05-23 03:00:00,28.79,3.68,65.28,19.73,2.64,180.38,S
2022-05-23 04:00:00,41.47,2.47,67.75,18.9,0.7,71.32,E
2022-05-23 05:00:00,36.12,2.16,66.63,20.25,0.32,157.45,CALM
2022-05-23 06:00:00,27.09,12.1,58.2,22.68,0.37,161.85,CALM
2022-05-23 07:00:00,20.73,17.04,49.85,25.68,1.09,161.3,S
2022-05-23 08:00:00,17.27,27.43,46.15,27.35,1.09,70.65,E
2022-05-23 09:00:00,19.27,34.92,44.05,29.13,1.55,82.35,E
2022-05-23 10:00:00,20.37,45.11,44.48,29.88,1.74,71.85,E
2022-05-23 11:00:00,19.05,52.33,44.28,30.4,1.98,68.0,E
2022-05-23 12:00:00,18.82,51.71,41.03,30.3,3.04,71.98,E
2022-05-23 13:00:00,23.99,45.22,41.2,29.08,3.08,83.33,E
2022-05-23 14:00:00,37.4,43.85,53.75,26.15,2.82,67.72,E
2022-05-23 15:00:00,43.89,35.16,61.38,24.18,3.1,152.73,SE
2022-05-23 16:00:00,51.83,22.0,62.3,24.58,5.35,223.23,SW
2022-05-23 17:00:00,44.73,17.43,60.58,25.4,2.9,227.25,SW
2022-05-23 18:00:00,53.75,18.88,65.2,24.75,1.91,116.53,SE
2022-05-23 19:00:00,64.47,11.29,69.73,23.6,0.55,132.92,SE
2022-05-23 20:00:00,61.96,5.83,69.2,22.45,0.65,85.3,E
2022-05-23 21:00:00,54.86,4.6,72.38,21.5,0.68,158.43,S
2022-05-23 22:00:00,51.79,4.08,74.15,20.98,1.01,251.95,W
2022-05-23 23:00:00,45.35,5.17,75.15,20.53,0.67,251.88,W
2022-05-24 00:00:00,26.67,8.82,74.75,20.18,0.18,239.0,CALM
2022-05-24 01:00:00,24.71,9.47,74.95,20.05,0.78,242.2,SW
2022-05-24 02:00:00,24.05,10.45,76.43,19.6,0.58,253.6,W
2022-05-24 03:00:00,35.82,4.89,78.18,19.38,0.72,240.18,SW
2022-05-24 04:00:00,37.14,0.1,80.58,19.3,0.75,239.17,SW
2022-05-24 05:00:00,38.12,17.607,79.23,20.28,0.75,247.07,SW
2022-05-24 06:00:00,24.64,4.22,72.68,22.85,0.24,240.0,CALM
2022-05-24 07:00:00,20.36,8.11,65.98,25.28,0.55,254.6,W
2022-05-24 08:00:00,15.69,25.6,58.85,26.8,1.3,69.25,E
2022-05-24 09:00:00,19.73,31.17,60.68,26.8,1.51,75.0,E
2022-05-24 10:00:00,21.38,30.82,57.98,28.03,2.99,73.68,E
2022-05-24 11:00:00,19.25,38.64,56.13,28.45,3.27,62.9,NE
2022-05-24 12:00:00,24.04,38.28,55.15,28.9,2.73,63.83,NE
2022-05-24 13:00:00,24.55,45.31,56.15,28.48,4.58,74.78,E
2022-05-24 14:00:00,23.6,46.09,54.58,27.88,4.16,68.93,E
2022-05-24 15:00:00,24.19,48.08,55.6,27.28,4.31,84.05,E
2022-05-24 16:00:00,22.13,48.66,55.98,26.58,4.28,67.98,E
2022-05-24 17:00:00,25.93,42.01,56.73,25.45,3.95,76.4,E
2022-05-24 18:00:00,28.85,41.88,59.23,24.65,4.89,65.23,NE
2022-05-24 19:00:00,31.7,39.51,65.08,23.4,3.37,53.33,NE
2022-05-24 20:00:00,20.81,29.33,65.2,23.3,2.4,94.03,E
2022-05-24 21:00:00,17.92,32.83,68.65,22.6,4.04,229.28,SW
2022-05-24 22:00:00,19.77,33.86,69.6,21.98,1.96,155.95,SE
2022-05-24 23:00:00,21.16,29.26,68.75,21.7,0.75,126.93,SE
2022-05-25 00:00:00,19.68,26.29,70.3,21.1,0.64,164.62,S
2022-05-25 01:00:00,24.79,19.18,72.68,20.38,0.64,162.08,S
2022-05-25 02:00:00,22.56,17.95,75.18,19.88,1.17,239.43,SW
2022-05-25 03:00:00,39.86,13.03,78.83,19.23,0.29,235.28,CALM
2022-05-25 04:00:00,54.88,6.27,81.18,18.85,0.44,242.1,CALM
2022-05-25 05:00:00,52.09,0.01,76.55,20.5,0.58,247.85,W
2022-05-25 06:00:00,36.4,5.82,67.43,24.4,0.22,254.73,CALM
2022-05-25 07:00:00,34.91,9.92,59.4,27.45,0.36,288.17,CALM
2022-05-25 08:00:00,26.21,28.19,57.05,27.9,0.7,67.87,E
2022-05-25 09:00:00,24.45,36.51,60.5,27.45,1.34,63.82,NE
2022-05-25 10:00:00,21.64,31.74,55.68,29.4,2.54,68.18,E
2022-05-25 11:00:00,14.9,38.74,51.78,30.73,2.94,71.27,E
2022-05-25 12:00:00,20.14,49.74,54.58,29.58,2.25,81.43,E
2022-05-25 13:00:00,27.32,44.25,55.78,28.4,2.66,84.72,E
2022-05-25 14:00:00,25.11,43.78,54.43,28.63,4.97,78.97,E
2022-05-25 15:00:00,28.25,43.34,55.05,28.8,4.0,71.15,E
2022-05-25 16:00:00,30.84,44.14,57.28,28.3,3.12,83.08,E
2022-05-25 17:00:00,32.25,42.79,58.18,26.75,3.05,85.35,E
2022-05-25 18:00:00,26.53,42.16,59.28,25.45,3.15,90.02,E
2022-05-25 19:00:00,27.09,37.91,58.58,25.28,2.88,77.13,E
2022-05-25 20:00:00,28.08,30.87,58.15,25.43,2.32,158.33,S
2022-05-25 21:00:00,19.56,37.29,52.75,26.15,1.17,221.45,SW
2022-05-25 22:00:00,24.54,46.43,65.75,24.5,1.57,211.32,SW
2022-05-25 23:00:00,23.64,43.01,66.65,23.53,3.05,198.48,S
2022-05-26 00:00:00,21.25,32.71,66.45,22.4,2.36,93.83,E
2022-05-26 01:00:00,20.69,26.46,66.95,21.8,1.44,215.22,SW
2022-05-26 02:00:00,20.71,22.48,67.85,21.03,0.41,257.33,CALM
2022-05-26 03:00:00,30.38,18.21,69.28,20.75,0.61,246.37,SW
2022-05-26 04:00:00,53.28,10.48,70.08,20.65,0.48,242.28,CALM
2022-05-26 05:00:00,58.16,2.25,69.2,22.0,0.8,242.37,SW
2022-05-26 06:00:00,41.65,6.73,62.65,25.08,0.82,245.0,SW
2022-05-26 07:00:00,37.37,11.46,61.7,26.68,0.41,236.47,CALM
2022-05-26 08:00:00,28.16,22.37,58.75,27.65,1.27,73.85,E
2022-05-26 09:00:00,23.66,32.82,57.03,28.48,1.99,72.9,E
2022-05-26 10:00:00,24.45,35.69,53.38,30.58,1.95,74.58,E
2022-05-26 11:00:00,22.93,45.14,47.93,32.23,1.88,81.45,E
2022-05-26 12:00:00,26.36,51.95,46.5,32.5,1.57,78.23,E
2022-05-26 13:00:00,30.67,48.91,44.53,33.63,3.47,68.55,E
2022-05-26 14:00:00,33.2,51.99,43.23,33.98,4.59,75.02,E
2022-05-26 15:00:00,40.62,54.71,45.9,33.65,2.86,82.25,E
2022-05-26 16:00:00,40.94,49.23,49.05,33.18,2.5,70.83,E
2022-05-26 17:00:00,36.53,46.86,49.78,31.6,2.44,73.98,E
2022-05-26 18:00:00,68.01,28.78,49.9,30.08,2.18,90.73,E
2022-05-26 19:00:00,44.58,34.7,54.3,28.2,1.91,100.18,E
2022-05-26 20:00:00,74.2,21.6,58.5,26.95,1.4,91.18,E
2022-05-26 21:00:00,76.38,11.67,59.95,25.83,0.96,92.45,E
2022-05-26 22:00:00,62.96,10.27,61.13,25.0,0.7,190.2,S
2022-05-26 23:00:00,59.95,8.29,64.15,24.15,0.42,239.78,CALM
2022-05-27 00:00:00,46.6,14.53,66.25,23.68,0.58,256.83,W
2022-05-27 01:00:00,32.11,17.31,67.93,23.1,0.66,241.67,SW
2022-05-27 02:00:00,30.47,16.37,69.45,22.38,0.77,188.52,S
2022-05-27 03:00:00,31.21,17.65,72.25,22.18,0.93,218.85,SW
2022-05-27 04:00:00,56.92,7.52,74.28,21.98,1.09,257.78,W
2022-05-27 05:00:00,45.71,8.41,74.88,22.93,0.88,260.9,W
2022-05-27 06:00:00,32.39,9.93,69.95,25.33,0.44,260.57,CALM
2022-05-27 07:00:00,33.84,11.78,66.2,26.95,0.73,262.98,W
2022-05-27 08:00:00,32.28,12.54,59.8,29.1,1.11,65.38,NE
2022-05-27 09:00:00,30.75,26.07,53.58,31.0,1.73,66.48,NE
2022-05-27 10:00:00,22.21,40.36,47.3,32.75,1.78,55.85,NE
2022-05-27 11:00:00,19.75,52.38,45.23,33.18,2.05,73.77,E
2022-05-27 12:00:00,30.13,52.2,47.58,32.73,2.08,85.5,E
2022-05-27 13:00:00,30.82,50.09,49.83,32.1,2.78,67.92,E
2022-05-27 14:00:00,30.84,46.92,48.93,32.0,3.8,71.02,E
2022-05-27 15:00:00,26.63,49.99,44.23,31.88,3.69,79.08,E
2022-05-27 16:00:00,23.57,56.22,45.3,31.3,4.52,72.93,E
2022-05-27 17:00:00,32.7,52.63,52.4,29.15,5.73,65.53,NE
2022-05-27 18:00:00,40.62,43.93,55.45,27.68,6.36,63.2,NE
2022-05-27 19:00:00,44.59,37.02,57.88,27.08,4.94,69.7,E
2022-05-27 20:00:00,30.71,37.22,56.43,26.75,1.72,102.4,E
2022-05-27 21:00:00,49.74,34.79,63.63,26.53,0.57,181.62,S
2022-05-27 22:00:00,43.81,34.91,71.48,25.25,3.21,182.62,S
2022-05-27 23:00:00,36.75,30.89,73.03,24.65,1.54,58.45,NE
2022-05-28 00:00:00,27.59,25.7,72.23,24.23,1.35,93.42,E
2022-05-28 01:00:00,21.51,28.76,70.53,23.58,0.74,83.2,E
2022-05-28 02:00:00,23.8,22.91,68.45,22.93,0.67,154.07,SE
2022-05-28 03:00:00,32.09,21.35,68.53,22.45,0.6,272.85,W
2022-05-28 04:00:00,50.56,13.3,69.83,22.23,0.16,306.87,CALM
2022-05-28 05:00:00,52.74,7.2,70.23,23.38,0.46,251.5,CALM
2022-05-28 06:00:00,31.43,16.12,67.05,25.73,0.6,238.33,SW
2022-05-28 07:00:00,25.62,26.94,64.0,27.3,0.61,186.15,S
2022-05-28 08:00:00,18.07,32.94,59.6,28.53,1.36,73.73,E
2022-05-28 09:00:00,12.66,39.19,52.0,30.6,2.33,64.58,NE
2022-05-28 10:00:00,15.64,44.64,48.98,31.55,1.94,77.52,E
2022-05-28 11:00:00,19.99,56.59,48.63,31.55,1.97,78.12,E
2022-05-28 12:00:00,22.94,49.65,48.7,31.9,2.75,69.1,E
2022-05-28 13:00:00,32.9,57.96,55.38,30.53,3.56,64.82,NE
2022-05-28 14:00:00,32.57,48.73,58.95,29.25,2.69,70.07,E
2022-05-28 15:00:00,32.58,48.15,59.78,29.15,4.13,76.95,E
2022-05-28 16:00:00,30.68,43.74,59.33,28.9,2.16,78.35,E
2022-05-28 17:00:00,31.75,44.93,61.2,28.0,2.7,67.27,NE
2022-05-28 18:00:00,37.98,41.55,65.75,26.5,1.98,100.07,E
2022-05-28 19:00:00,33.17,39.24,68.98,25.43,2.08,88.52,E
2022-05-28 20:00:00,26.54,38.64,69.18,24.78,2.05,82.38,E
2022-05-28 21:00:00,25.2,34.55,67.28,24.4,1.5,81.43,E
2022-05-28 22:00:00,25.04,29.46,67.48,24.18,1.62,84.93,E
2022-05-28 23:00:00,35.66,20.0,65.0,23.65,0.65,102.08,E
2022-05-29 00:00:00,39.08,21.17,68.28,23.38,0.71,206.27,SW
2022-05-29 01:00:00,28.67,27.98,69.73,23.38,0.86,271.58,W
2022-05-29 02:00:00,24.38,23.35,72.45,23.43,0.36,232.72,CALM
2022-05-29 03:00:00,25.07,20.0,74.95,22.78,1.2,165.37,S
2022-05-29 04:00:00,28.72,20.37,75.8,22.33,1.75,80.8,E
2022-05-29 05:00:00,16.68,21.66,69.65,22.88,0.7,231.63,SW
2022-05-29 06:00:00,20.74,22.93,67.7,24.58,0.71,245.95,SW
2022-05-29 07:00:00,21.62,26.38,67.93,26.13,1.14,291.37,W
2022-05-29 08:00:00,17.94,28.44,63.38,27.23,1.58,81.57,E
2022-05-29 09:00:00,10.53,37.53,55.55,28.35,2.81,69.67,E
2022-05-29 10:00:00,9.33,46.79,52.05,29.05,2.67,64.45,NE
2022-05-29 11:00:00,16.02,51.26,53.65,29.68,3.63,65.02,NE
2022-05-29 12:00:00,25.14,54.08,59.63,28.7,4.37,69.3,E
2022-05-29 13:00:00,23.59,53.09,57.68,28.83,5.59,71.12,E
2022-05-29 14:00:00,18.4,50.16,54.3,29.73,5.21,64.7,NE
2022-05-29 15:00:00,29.26,67.06,62.48,27.48,4.13,76.63,E
2022-05-29 16:00:00,32.2,49.11,71.15,24.28,2.77,79.75,E
2022-05-29 17:00:00,53.67,22.14,75.0,22.08,6.61,71.25,E
2022-05-29 18:00:00,62.92,9.95,76.0,22.4,3.44,123.13,SE
2022-05-29 19:00:00,36.87,12.59,72.68,22.15,1.37,252.8,W
2022-05-29 20:00:00,43.24,9.94,74.45,21.13,0.76,289.45,W
2022-05-29 21:00:00,36.35,9.38,75.7,20.55,0.9,224.57,SW
2022-05-29 22:00:00,26.32,12.24,76.2,20.18,1.12,245.78,SW
2022-05-29 23:00:00,19.63,15.66,74.08,19.68,0.75,240.5,SW
2022-05-30 00:00:00,17.96,16.39,73.68,19.18,0.78,259.68,W
2022-05-30 01:00:00,10.4,20.91,73.13,19.13,0.38,253.83,CALM
2022-05-30 02:00:00,11.2,24.26,72.63,19.2,0.44,263.17,CALM
2022-05-30 03:00:00,22.59,13.61,75.55,19.03,0.79,226.3,SW
2022-05-30 04:00:00,19.89,18.45,72.55,18.83,0.6,119.82,SE
2022-05-30 05:00:00,18.23,18.03,66.53,20.85,0.63,203.65,SW
2022-05-30 06:00:00,23.04,9.68,64.23,22.68,0.63,157.17,SE
2022-05-30 07:00:00,24.12,16.68,60.23,24.0,1.38,118.8,SE
2022-05-30 08:00:00,13.71,22.55,53.5,26.65,2.19,65.62,NE
2022-05-30 09:00:00,8.0,32.91,45.05,28.83,2.71,84.12,E
2022-05-30 10:00:00,7.78,37.71,40.1,30.93,2.31,107.55,E
2022-05-30 11:00:00,10.71,47.35,36.98,32.25,3.36,126.95,SE
2022-05-30 12:00:00,21.91,57.89,44.85,30.55,3.31,119.55,SE
2022-05-30 13:00:00,26.21,49.03,44.08,30.4,4.03,91.83,E
2022-05-30 14:00:00,24.8,52.35,43.9,30.5,6.1,68.8,E
2022-05-30 15:00:00,29.74,48.53,47.5,30.08,4.66,45.42,NE
2022-05-30 16:00:00,27.43,46.22,46.83,29.35,4.53,63.08,NE
2022-05-30 17:00:00,26.13,48.28,47.45,28.33,3.58,67.05,NE
2022-05-30 18:00:00,23.85,42.32,46.6,27.25,3.7,69.7,E
2022-05-30 19:00:00,33.02,35.02,46.23,26.38,4.03,74.58,E
2022-05-30 20:00:00,32.66,32.45,47.78,25.0,3.09,83.98,E
2022-05-30 21:00:00,36.11,30.83,52.25,24.2,1.56,281.5,W
2022-05-30 22:00:00,43.64,24.75,54.68,23.43,1.21,254.02,W
2022-05-30 23:00:00,41.57,22.43,55.1,22.7,1.04,243.7,SW
2022-05-31 00:00:00,32.61,22.59,55.5,22.43,0.5,249.3,W
2022-05-31 01:00:00,19.34,27.72,54.9,21.9,0.38,248.33,CALM
2022-05-31 02:00:00,22.08,24.05,57.45,21.4,0.9,248.42,W
2022-05-31 03:00:00,29.38,20.58,56.65,20.88,0.67,282.22,W
2022-05-31 04:00:00,54.33,12.06,59.03,20.7,1.01,248.25,W
2022-05-31 05:00:00,44.66,9.81,59.58,22.33,0.39,242.87,CALM
2022-05-31 06:00:00,34.11,15.24,57.83,25.15,0.6,254.07,W
2022-05-31 07:00:00,28.02,21.89,60.2,26.18,1.08,301.52,NW
2022-06-01 00:00:00,17.53,28.41,62.85,23.75,0.67,211.55,SW
2022-06-01 01:00:00,11.21,35.57,61.7,23.45,1.17,157.93,S
2022-06-01 02:00:00,10.7,36.23,59.73,23.7,1.86,229.68,SW
2022-06-01 03:00:00,25.49,27.16,69.08,23.13,3.61,217.32,SW
2022-06-01 04:00:00,34.05,14.72,73.73,22.03,2.0,168.02,S
2022-06-01 05:00:00,35.49,8.23,72.13,22.85,1.85,75.55,E
2022-06-01 06:00:00,28.52,11.34,64.98,25.8,0.94,200.75,S
2022-06-01 07:00:00,26.61,16.08,63.8,26.5,1.1,204.7,SW
2022-06-01 08:00:00,26.23,20.4,57.85,28.45,1.45,84.82,E
2022-06-01 09:00:00,14.05,35.2,52.13,29.63,2.17,66.37,NE
2022-06-01 10:00:00,13.25,44.46,47.63,30.95,2.05,65.13,NE
2022-06-01 11:00:00,12.04,47.56,43.38,32.0,2.48,75.63,E
2022-06-01 12:00:00,18.33,51.14,41.8,32.4,3.06,63.3,NE
2022-06-01 13:00:00,23.89,48.0,42.63,32.13,3.14,71.63,E
2022-06-01 14:00:00,23.91,51.61,40.75,32.13,4.38,71.22,E
2022-06-01 15:00:00,22.52,52.16,42.28,31.4,4.34,58.17,NE
2022-06-01 16:00:00,27.1,51.44,42.25,31.28,4.79,58.47,NE
2022-06-01 17:00:00,30.06,51.52,47.5,30.1,5.23,67.98,E
2022-06-01 18:00:00,31.82,43.54,48.4,29.0,4.5,67.62,E
2022-06-01 19:00:00,43.68,36.34,49.2,28.43,3.5,67.23,NE
2022-06-01 20:00:00,71.45,20.46,52.4,27.23,2.07,198.95,S
2022-06-01 21:00:00,49.32,25.87,54.58,26.13,1.14,270.55,W
2022-06-01 22:00:00,43.44,26.48,56.2,25.65,0.93,265.45,W
2022-06-01 23:00:00,59.18,18.52,58.45,25.1,0.69,263.35,W
2022-06-02 00:00:00,37.8,22.91,60.45,24.35,0.44,271.02,CALM
2022-06-02 01:00:00,23.36,20.35,62.28,23.85,0.53,251.68,W
2022-06-02 02:00:00,20.68,12.16,65.53,23.18,0.61,249.68,W
2022-06-02 03:00:00,23.73,10.9,68.3,22.7,1.25,245.63,SW
2022-06-02 04:00:00,42.23,7.07,68.6,22.53,1.05,239.15,SW
2022-06-02 05:00:00,35.12,9.0,71.18,23.78,0.67,248.57,W
2022-06-02 06:00:00,31.17,8.76,68.45,25.63,0.75,247.32,SW
2022-06-02 07:00:00,30.22,13.84,62.38,27.9,1.29,122.92,SE
2022-06-02 08:00:00,26.66,24.09,58.6,29.03,1.36,68.12,E
2022-06-02 09:00:00,22.16,35.79,51.2,30.8,1.99,66.08,NE
2022-06-02 10:00:00,16.69,47.38,45.0,32.15,1.96,57.62,NE
2022-06-02 11:00:00,16.19,53.79,43.33,32.88,2.64,55.42,NE
2022-06-02 12:00:00,23.8,59.46,44.05,33.05,3.03,66.57,NE
2022-06-02 13:00:00,28.64,55.94,43.58,33.18,3.87,65.4,NE
2022-06-02 14:00:00,27.83,57.52,43.9,32.85,5.06,68.68,E
2022-06-02 15:00:00,22.14,58.88,39.78,32.98,5.04,68.55,E
2022-06-02 16:00:00,24.95,57.37,38.83,32.65,4.41,78.98,E
2022-06-02 17:00:00,31.58,53.9,40.75,32.05,5.09,58.35,NE
2022-06-02 18:00:00,35.05,50.41,43.3,31.3,4.29,70.42,E
2022-06-02 19:00:00,77.09,47.41,57.6,28.33,3.37,88.48,E
2022-06-02 20:00:00,104.77,16.42,68.2,25.9,2.78,97.03,E
2022-06-02 21:00:00,84.7,11.93,66.05,25.35,1.58,253.0,W
2022-06-02 22:00:00,71.04,6.52,69.65,25.13,0.26,234.2,CALM
2022-06-02 23:00:00,40.92,6.92,69.85,24.63,0.62,257.22,W
2022-06-03 00:00:00,27.72,12.26,67.23,24.18,0.5,246.17,SW
2022-06-03 01:00:00,25.95,12.59,67.7,23.85,0.5,253.03,W
2022-06-03 02:00:00,22.74,14.98,67.0,23.6,0.39,253.12,CALM
2022-06-03 03:00:00,31.47,10.23,69.28,23.25,0.68,244.98,SW
2022-06-03 04:00:00,42.59,6.89,69.95,23.08,0.49,260.72,CALM
2022-06-03 05:00:00,32.39,6.63,67.5,24.68,0.36,238.68,CALM
2022-06-03 06:00:00,10.11,21.5,52.75,28.3,1.01,240.25,SW
2022-06-03 07:00:00,8.35,28.71,45.0,31.43,1.25,200.58,S
2022-06-03 08:00:00,9.12,39.57,38.85,33.4,1.99,218.45,SW
2022-06-03 09:00:00,10.42,49.45,35.1,34.65,1.7,162.58,S
2022-06-03 10:00:00,12.75,49.92,30.85,36.38,2.7,202.63,SW
2022-06-03 11:00:00,28.7,79.34,30.95,37.5,3.36,243.6,SW
2022-06-03 12:00:00,34.2,66.03,35.05,35.8,2.5,209.93,SW
2022-06-03 13:00:00,36.26,62.7,35.85,35.83,3.44,98.82,E
2022-06-03 14:00:00,32.95,61.85,35.25,35.83,5.21,67.67,E
2022-06-03 15:00:00,34.06,63.09,36.6,35.05,5.1,52.32,NE
2022-06-03 16:00:00,38.04,57.02,37.1,34.5,4.13,52.85,NE
2022-06-03 17:00:00,29.6,60.31,36.15,33.35,5.02,70.75,E
2022-06-03 18:00:00,45.21,50.0,40.05,32.13,3.28,76.12,E
2022-06-03 19:00:00,54.4,34.6,40.28,30.9,3.62,235.68,SW
2022-06-03 20:00:00,77.61,24.11,42.2,29.4,1.62,107.67,E
2022-06-03 21:00:00,64.44,29.71,49.95,28.55,1.01,201.93,S
2022-06-03 22:00:00,69.23,22.77,55.05,28.08,0.5,254.82,W
2022-06-03 23:00:00,58.29,18.57,55.43,27.58,0.79,150.92,SE
2022-06-04 00:00:00,30.03,29.93,52.35,27.18,0.47,231.58,CALM
2022-06-04 01:00:00,26.48,31.74,52.28,26.93,0.7,290.65,W
2022-06-04 02:00:00,33.22,27.29,54.43,26.35,1.01,261.02,W
2022-06-04 03:00:00,38.32,20.21,57.98,25.78,0.92,214.72,SW
2022-06-04 04:00:00,43.5,15.84,60.0,25.35,0.72,252.98,W
2022-06-04 05:00:00,42.01,18.46,63.2,25.9,0.88,245.93,SW
2022-06-04 06:00:00,32.49,18.58,62.88,27.68,0.59,240.0,SW
2022-06-04 07:00:00,34.52,23.57,61.55,28.63,1.52,188.58,S
2022-06-04 08:00:00,24.63,29.16,54.78,30.6,1.41,75.48,E
2022-06-04 09:00:00,20.07,42.45,48.05,31.78,1.37,72.33,E
2022-06-04 10:00:00,14.24,61.19,43.43,33.35,1.45,60.6,NE
2022-06-04 11:00:00,15.52,62.77,42.63,33.65,1.97,54.9,NE
2022-06-04 12:00:00,25.36,67.97,43.18,33.63,3.3,62.8,NE
2022-06-04 13:00:00,29.42,62.72,44.8,33.45,4.17,64.92,NE
2022-06-04 14:00:00,34.68,61.63,48.33,32.98,4.39,70.43,E
2022-06-04 15:00:00,29.15,55.22,48.18,32.53,4.77,78.7,E
2022-06-04 16:00:00,21.57,57.16,43.05,32.83,5.33,67.35,NE
2022-06-04 17:00:00,26.3,56.86,42.98,32.23,5.22,53.08,NE
2022-06-04 18:00:00,31.36,52.5,45.1,31.48,4.68,73.53,E
2022-06-04 19:00:00,37.55,48.44,49.7,30.03,3.36,75.03,E
2022-06-04 20:00:00,48.14,37.41,55.65,29.03,2.19,174.05,S
2022-06-04 21:00:00,48.55,30.44,54.9,27.98,2.76,132.53,SE
2022-06-04 22:00:00,35.27,33.34,55.65,27.38,1.07,156.77,SE
2022-06-04 23:00:00,49.51,23.55,55.93,26.95,0.74,248.23,W
2022-06-05 00:00:00,59.48,19.62,61.33,26.38,0.55,300.4,NW
2022-06-05 01:00:00,47.91,16.17,66.03,25.88,0.3,311.65,CALM
2022-06-05 02:00:00,45.57,11.8,66.53,25.1,0.2,217.13,CALM
2022-06-05 03:00:00,37.61,14.76,64.48,24.75,0.8,195.18,S
2022-06-05 04:00:00,33.82,16.48,64.13,24.83,0.51,263.33,W
2022-06-05 05:00:00,30.36,20.61,63.63,25.93,0.37,244.13,CALM
2022-06-05 06:00:00,26.19,19.74,64.05,27.8,0.31,269.22,CALM
2022-06-05 07:00:00,26.75,27.82,61.43,29.25,1.35,169.62,S
2022-06-05 08:00:00,23.23,34.12,57.8,30.18,1.28,79.62,E
2022-06-05 09:00:00,15.81,40.03,49.38,32.63,2.36,72.38,E
2022-06-05 10:00:00,14.64,54.82,46.38,34.13,2.27,61.42,NE
2022-06-05 11:00:00,8.73,46.16,36.85,35.95,3.38,64.55,NE
2022-06-05 12:00:00,13.32,56.22,31.38,38.28,3.91,49.57,NE
2022-06-05 13:00:00,27.13,61.81,29.55,39.05,3.85,109.42,E
2022-06-05 14:00:00,29.472,69.18100000000001,29.35,38.45,3.4,145.17,SE
2022-06-05 15:00:00,30.424,68.344,28.28,38.58,3.43,183.38,S
2022-06-05 16:00:00,28.02,64.40400000000001,27.1,38.18,3.75,181.28,S
2022-06-05 17:00:00,31.14,62.03,29.7,37.1,2.76,174.87,S
2022-06-05 18:00:00,25.614,59.07899999999999,28.83,35.65,2.75,174.48,S
2022-06-05 19:00:00,53.87,54.12,35.08,34.08,2.72,168.6,S
2022-06-05 20:00:00,66.85,44.06,46.88,31.55,2.82,143.53,SE
2022-06-05 21:00:00,80.39,21.74,48.4,29.8,1.44,260.73,W
2022-06-05 22:00:00,85.39,19.21,53.63,28.73,0.96,178.03,S
2022-06-05 23:00:00,74.56,18.18,57.88,27.58,0.49,286.4,CALM
2022-06-06 00:00:00,52.21,19.75,60.03,26.8,0.31,202.32,CALM
2022-06-06 01:00:00,34.55,26.76,60.78,26.23,0.49,253.77,CALM
2022-06-06 02:00:00,30.31,27.74,61.38,25.75,0.47,261.75,CALM
2022-06-06 03:00:00,37.92,11.33,65.3,25.6,0.83,242.18,SW
2022-06-06 04:00:00,34.84,13.41,67.78,25.33,0.19,239.27,CALM
2022-06-06 05:00:00,26.56,26.25,67.75,24.28,0.54,215.73,SW
2022-06-06 06:00:00,33.91,20.08,60.73,26.1,1.97,219.47,SW
2022-06-06 07:00:00,30.33,17.46,58.23,28.68,7.01,225.5,SW
2022-06-06 08:00:00,30.64,30.65,56.4,30.3,3.9,163.43,S
2022-06-06 09:00:00,30.23,40.01,56.2,31.03,2.38,109.35,E
2022-06-06 10:00:00,22.8,50.22,51.28,32.5,3.2,82.07,E
2022-06-06 11:00:00,27.64,57.42,51.63,32.93,3.05,60.4,NE
2022-06-06 12:00:00,20.83,54.95,47.95,33.13,3.43,58.8,NE
2022-06-06 13:00:00,24.22,51.36,45.48,33.68,4.14,70.02,E
2022-06-06 14:00:00,29.05,52.27,44.6,33.48,4.53,68.72,E
2022-06-06 15:00:00,39.74,57.96,60.58,26.53,3.56,68.03,E
2022-06-06 16:00:00,30.86,41.18,65.53,23.23,2.76,128.33,SE
2022-06-06 17:00:00,21.84,41.33,65.3,22.1,5.29,169.92,S
2022-06-07 13:00:00,21.63,48.18,54.7,29.03,3.63,68.78,E
2022-06-07 14:00:00,24.96,49.02,57.73,28.55,5.23,68.63,E
2022-06-07 15:00:00,26.35,46.95,59.03,27.93,5.22,74.0,E
2022-06-07 16:00:00,24.07,45.22,59.03,27.28,6.32,70.27,E
2022-06-07 17:00:00,24.55,43.8,59.6,26.9,6.88,64.72,NE
2022-06-07 18:00:00,26.06,43.63,63.2,25.6,6.18,99.77,E
2022-06-07 19:00:00,22.7,42.46,65.83,24.33,4.5,201.58,S
2022-06-07 20:00:00,21.85,38.96,67.7,23.58,4.28,189.78,S
2022-06-07 21:00:00,25.3,30.66,69.4,23.03,3.84,318.98,NW
2022-06-07 22:00:00,45.1,15.63,70.55,22.53,2.8,244.57,SW
2022-06-07 23:00:00,42.04,16.37,71.8,22.03,1.49,257.55,W
2022-06-08 00:00:00,17.59,26.67,71.05,21.7,0.26,253.07,CALM
2022-06-08 01:00:00,19.14,22.95,71.25,21.73,0.48,270.83,CALM
2022-06-08 02:00:00,21.5,20.99,72.65,21.5,0.66,280.38,W
2022-06-08 03:00:00,32.73,14.87,75.15,20.98,0.31,246.18,CALM
2022-06-08 04:00:00,29.3,18.8,73.65,20.8,0.2,252.82,CALM
2022-06-08 05:00:00,25.32,21.25,67.78,22.2,0.53,259.82,W
2022-06-08 06:00:00,15.88,28.88,59.73,23.85,1.45,241.03,SW
2022-06-08 07:00:00,9.0,38.73,52.6,26.1,2.11,244.28,SW
2022-06-08 08:00:00,10.2,43.23,52.03,26.85,1.88,273.28,W
2022-06-08 09:00:00,14.7,48.0,54.48,26.58,2.84,224.0,SW
2022-06-08 10:00:00,16.77,45.55,52.9,26.98,3.39,83.33,E
2022-06-08 11:00:00,17.66,46.68,52.68,27.45,3.97,75.53,E
2022-06-08 12:00:00,16.94,47.41,49.5,28.25,4.24,72.32,E
2022-06-08 13:00:00,21.3,49.4,49.68,28.98,2.84,78.35,E
2022-06-08 14:00:00,30.12,49.99,55.83,27.68,4.2,72.68,E
2022-06-08 15:00:00,26.94,48.39,57.1,26.8,4.64,73.68,E
2022-06-08 16:00:00,25.53,46.3,56.95,26.6,7.53,74.32,E
2022-06-08 17:00:00,25.75,45.81,60.33,25.33,6.66,66.1,NE
2022-06-08 18:00:00,34.31,47.36,67.28,24.25,4.07,53.38,NE
2022-06-08 19:00:00,41.63,39.54,77.5,22.08,3.87,60.3,NE
2022-06-08 20:00:00,37.56,29.62,79.9,21.53,5.55,95.8,E
2022-06-08 21:00:00,45.56,19.31,81.03,21.28,4.13,236.73,SW
2022-06-08 22:00:00,39.99,14.83,82.25,20.98,0.99,128.47,SE
2022-06-08 23:00:00,31.36,14.91,83.15,20.33,0.34,218.72,CALM
2022-06-09 00:00:00,18.78,16.33,82.58,19.78,0.77,268.22,W
2022-06-09 01:00:00,17.41,17.96,81.4,19.48,0.33,266.7,CALM
2022-06-09 02:00:00,18.18,15.93,81.53,19.2,0.35,279.7,CALM
2022-06-09 03:00:00,24.68,10.54,83.38,18.95,0.19,264.38,CALM
2022-06-09 04:00:00,35.27,4.85,84.85,19.05,0.65,266.22,W
2022-06-09 05:00:00,29.95,3.71,82.5,20.8,1.01,257.0,W
2022-06-09 06:00:00,22.06,6.37,79.35,22.9,0.49,294.47,CALM
2022-06-09 07:00:00,24.74,5.68,73.7,24.7,0.77,284.55,W
2022-06-09 08:00:00,18.83,24.26,68.25,25.83,1.88,88.4,E
2022-06-09 09:00:00,10.38,36.41,63.8,26.75,2.0,63.15,NE
2022-06-09 10:00:00,12.31,37.77,59.08,27.88,3.29,66.97,NE
2022-06-09 11:00:00,16.1,42.5,58.38,28.4,3.07,67.6,E
2022-06-09 12:00:00,24.06,37.88,58.63,29.15,3.06,67.45,NE
2022-06-09 13:00:00,14.71,45.17,54.15,29.48,4.11,70.98,E
2022-06-09 14:00:00,26.2,47.88,57.93,28.53,3.27,72.73,E
2022-06-09 15:00:00,37.17,44.12,67.1,26.18,7.36,73.8,E
2022-06-09 16:00:00,47.74,40.27,74.35,24.35,6.51,59.57,NE
2022-06-09 17:00:00,51.87,30.5,81.53,22.53,5.29,49.35,NE
2022-06-09 18:00:00,68.33,18.99,85.4,21.75,3.35,78.38,E
2022-06-09 19:00:00,42.16,19.44,86.28,21.3,1.59,257.72,W
2022-06-09 20:00:00,22.23,21.87,85.03,20.83,1.04,245.93,SW
2022-06-09 21:00:00,29.81,16.07,85.53,20.38,1.01,271.55,W
2022-06-09 22:00:00,21.89,17.24,87.35,20.55,0.95,192.92,S
2022-06-09 23:00:00,23.97,10.25,87.35,20.48,0.75,254.52,W
2022-06-10 00:00:00,23.95,6.04,87.95,20.23,0.48,183.92,CALM
2022-06-10 01:00:00,17.42,12.42,87.58,20.33,0.22,165.55,CALM
2022-06-10 02:00:00,7.47,24.17,83.4,20.1,0.23,275.02,CALM
2022-06-10 03:00:00,8.15,24.02,78.45,19.8,0.61,157.32,SE
2022-06-10 04:00:00,22.75,17.17,80.48,19.85,4.41,216.78,SW
2022-06-10 05:00:00,25.79,13.84,82.0,21.15,1.26,206.6,SW
2022-06-10 06:00:00,23.07,15.47,77.78,22.78,0.5,109.4,E
2022-06-10 07:00:00,25.7,15.72,77.15,22.53,1.15,76.95,E
2022-06-10 08:00:00,31.53,20.0,81.7,21.4,1.44,77.65,E
2022-06-10 09:00:00,37.06,18.7,86.38,20.08,1.4,105.42,E
2022-06-10 10:00:00,39.08,17.45,86.9,20.48,2.16,99.03,E
2022-06-10 11:00:00,45.13,15.93,86.58,20.73,1.45,152.88,SE
2022-06-10 12:00:00,46.77,12.45,88.03,20.6,1.39,97.93,E
2022-06-10 13:00:00,30.54,13.9,87.85,20.98,0.86,189.05,S
2022-06-10 14:00:00,24.1,14.46,86.93,21.23,0.95,157.5,SE
2022-06-10 15:00:00,15.86,15.17,84.53,22.43,1.94,120.73,SE
2022-06-10 16:00:00,18.7,14.89,81.08,23.15,2.24,126.98,SE
2022-06-10 17:00:00,9.3,20.06,75.38,23.7,1.59,149.95,SE
2022-06-10 18:00:00,7.27,27.2,72.4,22.85,2.15,142.75,SE
2022-06-10 19:00:00,17.87,21.49,73.1,22.1,1.52,163.3,S
2022-06-10 20:00:00,16.4,21.63,74.68,21.68,2.73,250.38,W
2022-06-10 21:00:00,24.88,18.11,76.08,21.25,0.97,210.83,SW
2022-06-10 22:00:00,31.69,12.56,80.3,20.45,0.94,159.08,S
2022-06-10 23:00:00,17.92,19.38,80.75,20.28,1.09,232.62,SW
2022-06-11 00:00:00,12.84,21.67,79.53,20.53,0.66,243.03,SW
2022-06-11 01:00:00,11.36,19.19,79.9,20.48,1.01,232.65,SW
2022-06-11 02:00:00,10.92,18.89,79.8,20.08,0.64,146.65,SE
2022-06-11 03:00:00,10.86,22.11,80.7,20.13,1.04,185.63,S
2022-06-11 04:00:00,12.02,19.48,80.75,20.25,1.45,205.4,SW
2022-06-11 05:00:00,10.76,23.93,80.15,20.3,4.61,213.72,SW
2022-06-11 06:00:00,11.85,24.62,78.23,20.4,2.15,165.62,S
2022-06-11 07:00:00,10.73,25.7,75.85,20.88,3.27,239.78,SW
2022-06-11 08:00:00,7.08,27.53,71.0,22.05,1.25,158.07,S
2022-06-11 09:00:00,7.52,25.41,66.18,23.83,1.63,180.32,S
2022-06-11 10:00:00,8.12,31.36,62.33,25.13,2.61,225.15,SW
2022-06-11 11:00:00,11.09,29.24,62.55,24.8,2.65,207.63,SW
2022-06-11 12:00:00,7.61,31.99,53.78,27.3,2.13,137.85,SE
2022-06-11 13:00:00,8.57,38.94,52.83,27.9,1.88,158.87,S
2022-06-11 14:00:00,13.62,37.33,53.95,27.75,3.55,209.67,SW
2022-06-11 15:00:00,18.53,38.45,58.55,27.55,5.26,237.58,SW
2022-06-11 16:00:00,20.62,35.69,59.1,26.93,3.01,167.85,S
2022-06-11 17:00:00,21.74,32.59,59.28,26.33,4.72,114.63,SE
2022-06-11 18:00:00,27.83,31.81,65.45,25.1,2.66,134.72,SE
2022-06-11 19:00:00,27.23,26.39,70.48,23.68,1.84,219.08,SW
2022-06-11 20:00:00,29.63,19.24,71.9,23.23,2.47,105.43,E
2022-06-11 21:00:00,21.17,21.88,69.7,23.25,0.94,128.55,SE
2022-06-11 22:00:00,17.24,20.96,68.58,23.0,0.4,177.25,CALM
2022-06-11 23:00:00,11.01,25.35,66.08,22.78,1.61,120.13,SE
2022-06-12 00:00:00,7.95,28.67,66.3,22.4,0.6,178.82,S
2022-06-12 01:00:00,9.67,27.08,68.05,21.85,1.64,200.4,S
2022-06-12 02:00:00,8.94,28.27,67.73,21.73,3.23,213.03,SW
2022-06-12 03:00:00,8.94,28.59,66.83,21.78,1.38,206.97,SW
2022-06-12 04:00:00,12.29,26.5,67.18,21.53,3.84,217.0,SW
2022-06-12 05:00:00,16.86,24.15,67.7,21.58,1.74,178.57,S
2022-06-12 06:00:00,14.21,24.07,65.55,22.8,0.75,169.1,S
2022-06-12 07:00:00,10.6,27.12,61.75,24.18,2.45,136.0,SE
2022-06-12 08:00:00,8.59,27.99,56.45,26.33,1.76,185.18,S
2022-06-12 09:00:00,9.52,32.11,52.9,27.33,1.9,175.9,S
2022-06-12 10:00:00,9.72,35.54,52.1,27.6,2.72,205.52,SW
2022-06-12 11:00:00,10.98,34.86,50.68,28.2,2.79,206.98,SW
2022-06-12 12:00:00,11.32,36.18,48.73,29.28,2.58,200.85,S
2022-06-12 13:00:00,10.49,39.06,46.13,29.75,2.33,186.43,S
2022-06-12 14:00:00,11.21,38.52,44.0,30.0,2.37,184.8,S
2022-06-12 15:00:00,11.36,41.58,43.6,30.45,2.92,179.42,S
2022-06-12 16:00:00,21.31,43.47,48.03,28.68,1.9,190.1,S
2022-06-12 17:00:00,26.34,36.87,51.6,27.73,2.83,194.72,S
2022-06-12 18:00:00,23.98,35.56,52.28,27.08,2.95,219.87,SW
2022-06-12 19:00:00,26.92,31.76,53.75,26.25,2.16,217.92,SW
2022-06-12 20:00:00,25.63,29.74,58.33,25.4,2.94,224.72,SW
2022-06-12 21:00:00,21.2,30.34,59.95,24.73,1.89,212.73,SW
2022-06-12 22:00:00,20.1,28.85,60.88,24.35,2.64,213.47,SW
2022-06-12 23:00:00,19.17,28.25,62.4,24.05,4.82,218.1,SW
2022-06-13 00:00:00,16.61,27.91,62.85,23.8,4.34,218.45,SW
2022-06-13 01:00:00,15.4,26.1,62.93,23.6,4.77,219.03,SW
2022-06-13 02:00:00,10.42,28.65,62.23,23.35,3.55,223.53,SW
2022-06-13 03:00:00,10.66,29.93,61.48,23.28,0.65,224.62,SW
2022-06-13 04:00:00,12.56,29.57,60.5,23.2,1.91,212.87,SW
2022-06-13 05:00:00,19.71,25.01,60.83,23.3,1.75,219.08,SW
2022-06-13 06:00:00,14.02,27.33,59.58,24.0,2.68,213.38,SW
2022-06-13 07:00:00,11.29,26.95,55.6,26.25,1.41,71.53,E
2022-06-13 08:00:00,11.07,29.65,53.18,26.93,1.44,116.72,SE
2022-06-13 09:00:00,15.38,27.67,48.73,28.63,1.61,166.73,S
2022-06-13 10:00:00,10.66,32.97,42.48,31.4,1.5,190.6,S
2022-06-13 11:00:00,13.53,54.05,41.4,31.98,1.79,198.07,S
2022-06-13 12:00:00,22.97,59.15,45.78,31.3,2.02,138.0,SE
2022-06-13 13:00:00,24.8,53.36,45.7,31.93,5.35,74.12,E
2022-06-13 14:00:00,25.44,57.53,42.05,32.63,5.03,76.47,E
2022-06-13 15:00:00,25.98,61.03,43.23,31.73,3.39,71.62,E
2022-06-13 16:00:00,29.24,62.11,47.88,29.38,3.51,74.15,E
2022-06-13 17:00:00,79.56,38.48,69.05,24.53,2.78,80.0,E
2022-06-13 18:00:00,97.95,14.34,73.78,24.68,3.53,202.28,S
2022-06-13 19:00:00,82.95,8.82,72.78,24.15,1.33,236.88,SW
2022-06-13 20:00:00,41.24,12.24,65.0,24.3,0.77,251.3,W
2022-06-13 21:00:00,29.04,19.07,57.93,24.83,0.77,259.78,W
2022-06-13 22:00:00,27.33,18.87,60.78,24.05,0.72,224.73,SW
2022-06-13 23:00:00,21.25,24.5,61.48,23.6,0.59,169.3,S
2022-06-14 00:00:00,25.71,19.3,64.55,22.93,0.61,267.7,W
2022-06-14 01:00:00,22.32,20.46,65.43,22.6,1.35,200.7,S
2022-06-14 02:00:00,27.34,15.24,68.98,22.35,0.68,241.08,SW
2022-06-14 03:00:00,36.0,10.13,71.25,21.95,0.68,162.27,S
2022-06-14 04:00:00,47.08,7.5,71.1,21.63,0.63,218.65,SW
2022-06-14 05:00:00,48.14,3.9,71.73,22.45,0.34,229.23,CALM
2022-06-14 06:00:00,33.15,4.51,65.4,25.33,0.55,242.35,SW
2022-06-14 07:00:00,30.1,6.76,55.68,28.9,1.14,267.15,W
2022-06-14 08:00:00,15.12,25.54,46.78,31.18,1.16,249.62,W
2022-06-14 09:00:00,11.72,42.69,42.0,32.33,1.23,112.77,SE
2022-06-14 10:00:00,20.42,49.0,40.35,32.5,2.5,62.78,NE
2022-06-14 11:00:00,18.28,55.28,38.7,33.8,3.85,79.97,E
2022-06-14 12:00:00,33.4,52.69,42.78,31.95,4.13,57.35,NE
2022-06-14 13:00:00,65.69,50.36,58.63,27.6,4.53,50.68,NE
2022-06-14 14:00:00,49.98,51.8,68.45,23.15,2.54,94.13,E
2022-06-14 15:00:00,73.36,30.21,80.65,20.2,3.38,251.0,W
2022-06-14 16:00:00,53.16,21.69,77.7,22.63,3.55,177.65,S
2022-06-14 17:00:00,58.57,16.55,74.38,24.25,2.51,261.65,W
2022-06-14 18:00:00,68.92,12.26,75.28,23.98,1.85,167.78,S
2022-06-14 19:00:00,69.91,7.49,78.25,23.23,2.03,96.35,E
2022-06-14 20:00:00,62.44,3.54,80.2,22.33,0.95,168.4,S
2022-06-14 21:00:00,44.38,4.58,76.23,22.0,0.8,220.22,SW
2022-06-14 22:00:00,45.87,4.73,77.23,21.85,0.8,246.6,SW
2022-06-14 23:00:00,44.37,5.67,80.03,21.3,0.67,252.38,W
2022-06-15 00:00:00,7.38,21.72,69.73,21.85,0.36,212.71,CALM
2022-06-15 15:00:00,28.4,58.39,43.03,30.25,3.94,69.3,E
2022-06-15 16:00:00,27.4,58.81,44.03,29.83,4.56,60.95,NE
2022-06-15 17:00:00,31.34,57.24,47.3,29.15,4.67,61.43,NE
2022-06-15 18:00:00,35.54,55.0,53.38,27.6,5.16,58.87,NE
2022-06-15 19:00:00,44.5,45.13,58.63,26.18,3.66,132.7,SE
2022-06-15 20:00:00,74.56,22.62,62.55,25.08,3.52,311.57,NW
2022-06-15 21:00:00,72.66,16.75,65.7,24.15,1.86,253.1,W
2022-06-15 22:00:00,49.66,22.98,70.05,23.55,0.56,227.05,SW
2022-06-15 23:00:00,32.2,28.44,71.88,23.2,0.28,262.9,CALM
2022-06-16 00:00:00,34.95,20.25,72.33,22.5,0.55,125.65,SE
2022-06-16 01:00:00,25.01,21.35,72.93,21.95,0.33,105.92,CALM
2022-06-16 02:00:00,29.69,16.26,74.98,21.48,0.45,245.5,CALM
2022-06-16 03:00:00,39.73,11.43,77.78,21.4,0.24,245.0,CALM
2022-06-16 04:00:00,27.35,13.4,79.63,21.68,0.33,245.0,CALM
2022-06-16 05:00:00,28.48,11.7,77.5,22.2,0.28,183.55,CALM
2022-06-16 06:00:00,30.76,12.4,71.13,23.95,0.76,86.68,E
2022-06-16 07:00:00,22.09,20.71,69.38,24.98,0.81,202.55,SW
2022-06-16 08:00:00,23.38,23.03,62.6,27.08,1.64,190.05,S
2022-06-16 09:00:00,9.97,40.7,55.38,28.7,1.73,64.62,NE
2022-06-16 10:00:00,11.54,48.37,54.15,29.2,1.94,70.5,E
2022-06-16 11:00:00,19.34,54.58,55.83,28.43,3.14,64.2,NE
2022-06-16 12:00:00,25.97,46.35,59.15,27.18,3.73,64.43,NE
2022-06-16 13:00:00,27.13,40.69,58.58,26.38,4.06,70.82,E
2022-06-16 14:00:00,21.29,41.53,56.15,27.15,3.68,65.88,NE
2022-06-16 15:00:00,18.06,47.11,52.85,28.03,3.56,236.48,SW
2022-06-16 16:00:00,27.17,45.53,57.43,27.65,3.51,157.02,SE
2022-06-16 17:00:00,27.91,44.78,56.95,27.43,3.97,94.5,E
2022-06-16 18:00:00,42.8,41.38,64.0,26.3,4.31,69.27,E
2022-06-16 19:00:00,46.83,31.77,68.65,25.13,3.96,89.93,E
2022-06-16 20:00:00,43.89,19.59,67.9,24.0,3.01,221.22,SW
2022-06-16 21:00:00,57.19,11.63,65.33,23.08,2.13,288.53,W
2022-06-16 22:00:00,60.21,11.12,70.6,22.45,0.94,235.75,SW
2022-06-16 23:00:00,60.37,8.41,74.28,21.85,0.67,243.02,SW
2022-06-17 00:00:00,41.2,12.02,73.43,21.28,0.95,244.25,SW
2022-06-17 01:00:00,34.77,12.01,76.1,20.78,0.23,238.95,CALM
2022-06-17 02:00:00,29.79,11.85,78.33,20.3,0.81,241.38,SW
2022-06-17 03:00:00,37.78,9.9,80.6,19.85,0.37,253.33,CALM
2022-06-17 04:00:00,49.91,3.54,81.85,19.73,0.38,248.0,CALM
2022-06-17 05:00:00,42.65,0.39,80.53,21.45,0.96,244.88,SW
2022-06-17 06:00:00,31.51,0.07,74.28,24.23,0.41,241.37,CALM
2022-06-17 07:00:00,26.56,11.12,66.6,26.15,1.07,149.85,SE
2022-06-17 08:00:00,14.69,25.68,60.5,27.63,1.27,69.67,E
2022-06-17 09:00:00,12.38,35.57,54.43,28.58,2.26,57.17,NE
2022-06-17 10:00:00,17.71,42.41,55.0,29.2,2.35,68.75,E
2022-06-17 11:00:00,23.69,44.7,55.23,29.28,2.97,67.82,E
2022-06-17 12:00:00,25.76,43.57,58.13,28.98,3.19,65.3,NE
2022-06-17 13:00:00,21.81,40.49,55.0,29.55,3.96,64.0,NE
2022-06-17 14:00:00,25.13,43.75,55.5,29.3,5.21,70.17,E
2022-06-17 15:00:00,22.46,41.94,54.45,29.03,4.2,64.13,NE
2022-06-17 16:00:00,20.25,43.23,52.25,29.13,4.67,63.97,NE
2022-06-17 17:00:00,23.81,42.99,52.6,28.75,5.32,56.93,NE
2022-06-17 18:00:00,28.62,43.12,57.8,27.48,4.52,49.18,NE
2022-06-17 19:00:00,37.21,32.99,61.78,26.2,3.56,61.83,NE
2022-06-17 20:00:00,44.24,27.26,65.35,25.48,3.27,159.75,S
2022-06-17 21:00:00,30.87,43.13,70.75,23.6,1.39,228.23,SW
2022-06-17 22:00:00,36.28,35.25,81.1,20.93,1.95,119.62,SE
2022-06-17 23:00:00,30.15,31.09,82.5,20.03,3.14,140.98,SE
2022-06-18 00:00:00,24.59,30.34,82.55,19.55,1.7,198.68,S
2022-06-18 01:00:00,31.49,22.66,82.48,19.8,2.34,220.65,SW
2022-06-18 02:00:00,23.88,18.22,83.85,19.7,2.42,198.37,S
2022-06-18 03:00:00,31.14,14.63,83.5,19.88,0.71,124.83,SE
2022-06-18 04:00:00,25.31,14.45,81.4,20.15,0.15,155.4,CALM
2022-06-18 05:00:00,19.4,19.43,77.7,20.55,0.01,185.0,CALM
2022-06-18 06:00:00,14.72,22.92,74.58,21.43,0.34,203.58,CALM
2022-06-18 07:00:00,14.18,24.65,70.75,22.3,0.8,202.58,SW
2022-06-18 08:00:00,11.63,27.0,68.5,22.93,0.93,129.05,SE
2022-06-18 09:00:00,14.88,26.16,68.48,23.23,1.88,111.72,E
2022-06-18 10:00:00,12.52,29.96,68.3,23.08,1.53,135.07,SE
2022-06-18 11:00:00,23.8,29.98,72.38,22.38,1.65,173.12,S
2022-06-18 12:00:00,37.2,25.18,78.83,21.28,1.56,207.87,SW
2022-06-18 13:00:00,30.31,20.64,79.53,21.88,1.52,251.32,W
2022-06-18 14:00:00,29.34,20.12,75.2,23.68,1.35,248.4,W
2022-06-18 15:00:00,23.16,25.18,68.03,25.6,0.95,202.87,SW
2022-06-18 16:00:00,14.86,29.87,63.5,26.05,0.9,145.67,SE
2022-06-18 17:00:00,6.3,44.62,61.6,23.85,1.01,139.23,SE
2022-06-18 18:00:00,9.18,41.46,58.78,22.65,1.46,176.2,S
2022-06-18 19:00:00,14.47,37.22,63.98,22.08,8.37,242.53,SW
2022-06-18 20:00:00,28.84,27.15,66.38,21.2,3.6,262.55,W
2022-06-18 21:00:00,23.06,28.52,66.7,20.65,1.71,231.93,SW
2022-06-18 22:00:00,20.76,28.65,66.8,20.6,0.75,187.52,S
2022-06-18 23:00:00,22.05,25.18,68.3,20.53,0.63,244.77,SW
2022-06-19 00:00:00,18.7,26.64,68.53,20.18,0.98,266.37,W
2022-06-19 01:00:00,16.84,26.22,69.4,19.6,0.59,237.0,SW
2022-06-19 02:00:00,22.45,20.18,72.53,18.53,0.95,254.12,W
2022-06-19 03:00:00,21.27,20.19,74.28,17.9,1.0,242.8,SW
2022-06-19 04:00:00,30.76,16.31,75.15,17.85,0.81,249.17,W
2022-06-19 05:00:00,33.77,6.34,74.48,19.98,0.63,260.7,W
2022-06-19 06:00:00,23.04,11.44,64.78,24.18,0.7,237.1,SW
2022-06-19 07:00:00,16.55,21.36,60.8,25.85,0.61,192.3,S
2022-06-19 08:00:00,10.15,24.75,57.9,26.15,1.01,52.3,NE
2022-06-19 09:00:00,5.64,33.24,38.65,28.63,2.29,65.52,NE
2022-06-19 10:00:00,5.86,41.1,35.15,29.8,3.06,110.43,E
2022-06-19 11:00:00,7.76,44.14,33.1,30.88,4.54,239.07,SW
2022-06-19 12:00:00,11.66,49.62,31.5,31.68,3.93,247.12,SW
2022-06-19 13:00:00,12.76,51.73,33.98,30.9,4.05,247.32,SW
2022-06-19 14:00:00,21.56,57.3,38.38,30.23,2.75,163.48,S
2022-06-19 15:00:00,24.09,53.31,41.65,28.5,3.04,57.67,NE
2022-06-19 16:00:00,25.02,51.59,42.7,28.18,4.44,45.5,NE
2022-06-19 17:00:00,24.06,48.61,43.9,27.63,4.78,42.57,NE
2022-06-19 18:00:00,22.73,44.89,41.68,26.88,4.36,62.78,NE
2022-06-19 19:00:00,29.84,37.2,44.3,25.55,3.73,56.4,NE
2022-06-19 20:00:00,42.17,29.49,46.9,23.9,2.07,130.08,SE
2022-06-19 21:00:00,39.95,28.63,48.9,22.95,1.76,254.63,W
2022-06-19 22:00:00,32.62,29.21,49.78,22.78,0.78,260.68,W
2022-06-19 23:00:00,30.69,27.84,50.43,22.4,1.16,246.07,SW
2022-06-20 00:00:00,32.47,24.67,54.73,21.98,1.14,242.42,SW
2022-06-20 01:00:00,19.18,28.8,56.1,21.55,0.52,233.2,SW
2022-06-20 02:00:00,31.76,20.99,59.05,21.23,1.01,246.6,SW
2022-06-20 03:00:00,31.7,19.29,62.4,20.53,0.62,216.35,SW
2022-06-20 04:00:00,52.81,9.83,65.48,20.45,0.45,215.2,CALM
2022-06-20 05:00:00,52.22,3.17,62.78,22.28,1.31,247.27,SW
2022-06-20 06:00:00,35.52,8.74,56.3,25.58,0.48,264.57,CALM
2022-06-20 07:00:00,33.17,11.84,58.88,26.75,0.33,281.7,CALM
2022-06-20 08:00:00,28.81,18.76,53.58,28.05,1.35,73.73,E
2022-06-20 09:00:00,11.05,32.29,43.85,29.88,1.76,72.75,E
2022-06-20 10:00:00,13.76,41.16,41.18,30.35,2.11,69.97,E
2022-06-20 11:00:00,18.72,43.61,42.5,30.68,2.25,69.28,E
2022-06-20 12:00:00,20.75,45.11,41.15,29.9,2.98,64.27,NE
2022-06-20 13:00:00,19.83,48.05,40.28,29.98,3.45,71.4,E
2022-06-20 14:00:00,26.45,49.95,43.58,29.85,5.62,76.8,E
2022-06-20 15:00:00,30.73,44.97,45.93,29.63,4.9,77.17,E
2022-06-20 16:00:00,28.28,43.44,44.03,29.7,5.12,77.68,E
2022-06-20 17:00:00,24.71,47.05,43.7,29.28,4.35,59.9,NE
2022-06-20 18:00:00,32.73,42.87,46.9,27.83,4.72,61.23,NE
2022-06-20 19:00:00,38.04,37.68,51.83,26.4,3.91,122.25,SE
2022-06-20 20:00:00,39.4,29.83,53.6,25.4,3.14,245.5,SW
2022-06-20 21:00:00,25.86,32.9,53.65,24.7,2.14,274.9,W
2022-06-20 22:00:00,26.73,31.31,53.45,24.08,1.12,262.83,W
2022-06-20 23:00:00,27.14,30.09,52.15,23.85,1.48,295.02,NW
2022-06-21 00:00:00,23.84,27.33,52.9,23.58,1.12,242.17,SW
2022-06-21 01:00:00,19.48,29.51,54.38,22.85,1.51,234.08,SW
2022-06-21 02:00:00,22.68,26.58,57.58,21.88,0.42,238.73,CALM
2022-06-21 03:00:00,40.19,17.82,61.48,21.08,1.14,241.22,SW
2022-06-21 04:00:00,61.48,10.8,63.9,20.85,0.59,247.83,W
2022-06-21 05:00:00,48.68,6.16,62.25,22.7,0.78,248.58,W
2022-06-21 06:00:00,33.99,14.01,60.28,25.8,0.25,245.3,CALM
2022-06-21 07:00:00,29.87,18.07,58.9,26.98,0.75,129.27,SE
2022-06-21 08:00:00,21.57,24.39,50.98,29.25,1.3,68.95,E
2022-06-21 09:00:00,20.04,38.47,46.98,30.5,1.8,63.28,NE
2022-06-21 10:00:00,17.57,47.58,44.65,32.7,2.09,82.8,E
2022-06-21 11:00:00,23.31,50.77,42.8,34.55,2.57,68.35,E
2022-06-21 12:00:00,23.74,57.01,39.55,35.45,2.16,72.2,E
2022-06-21 13:00:00,33.86,59.1,39.88,35.43,2.41,72.88,E
2022-06-21 14:00:00,21.27,54.45,36.53,35.93,3.13,81.6,E
2022-06-21 15:00:00,28.44,60.97,33.7,36.78,4.41,57.9,NE
2022-06-21 16:00:00,47.59,62.71,45.1,34.75,3.98,125.43,SE
2022-06-21 17:00:00,49.38,51.49,46.0,33.9,4.67,131.95,SE
2022-06-21 18:00:00,64.19,40.63,49.03,32.45,2.46,70.55,E
2022-06-21 19:00:00,74.44,28.71,49.93,31.08,1.6,61.48,NE
2022-06-21 20:00:00,67.99,26.42,52.58,29.53,1.79,261.9,W
2022-06-21 21:00:00,84.98,17.72,55.8,28.38,1.43,254.48,W
2022-06-21 22:00:00,76.57,17.08,58.48,27.28,0.98,258.42,W
2022-06-21 23:00:00,61.19,18.12,61.58,26.33,0.57,250.57,W
2022-06-22 00:00:00,51.88,16.08,64.38,25.75,0.79,244.53,SW
2022-06-22 01:00:00,45.0,13.13,66.65,25.5,0.41,276.18,CALM
2022-06-22 02:00:00,34.36,13.24,66.48,25.0,0.91,240.03,SW
2022-06-22 03:00:00,41.3,9.79,67.25,24.45,0.73,243.72,SW
2022-06-22 04:00:00,46.62,4.21,69.93,24.43,1.04,245.3,SW
2022-06-22 05:00:00,38.6,29.403,67.15,25.78,0.84,239.68,SW
2022-06-22 06:00:00,37.48,7.98,61.13,28.08,0.5,192.3,S
2022-06-22 07:00:00,33.6,14.69,57.38,30.13,0.86,148.92,SE
2022-06-22 08:00:00,25.52,35.86,52.35,32.38,1.84,68.07,E
2022-06-22 09:00:00,22.61,47.28,48.78,34.25,1.97,69.63,E
2022-06-22 10:00:00,22.63,55.65,44.88,35.78,2.53,73.45,E
2022-06-22 11:00:00,25.41,59.89,40.63,37.0,2.52,73.33,E
2022-06-22 12:00:00,32.42,65.88,38.38,37.8,2.19,74.35,E
2022-06-22 13:00:00,38.72,68.79,40.05,37.15,2.4,65.27,NE
2022-06-22 14:00:00,37.38,62.17,39.05,37.05,3.08,47.0,NE
2022-06-22 15:00:00,37.64,59.71,36.18,37.1,3.95,72.58,E
2022-06-22 16:00:00,44.87,54.73,37.33,36.33,2.94,57.68,NE
2022-06-22 17:00:00,57.34,56.59,44.58,34.5,2.72,72.25,E
2022-06-22 18:00:00,59.11,51.35,53.25,32.28,1.59,71.28,E
2022-06-22 19:00:00,84.7,32.09,56.35,31.33,2.39,63.35,NE
2022-06-22 20:00:00,76.41,30.39,61.6,30.1,1.14,102.2,E
2022-06-22 21:00:00,80.99,13.87,62.08,29.0,0.43,88.57,CALM
2022-06-22 22:00:00,63.59,12.7,61.53,28.35,0.76,143.33,SE
2022-06-22 23:00:00,30.93,23.05,58.33,28.3,0.94,269.47,W
2022-06-23 00:00:00,21.03,33.65,57.25,28.35,0.76,265.72,W
2022-06-23 01:00:00,20.44,32.02,57.18,28.0,0.54,223.83,SW
2022-06-23 02:00:00,18.63,34.28,56.08,27.83,0.55,196.85,S
2022-06-23 03:00:00,22.43,33.5,54.03,28.2,0.23,132.68,CALM
2022-06-23 04:00:00,61.49,19.39,61.2,27.65,1.71,198.13,S
2022-06-23 05:00:00,43.65,19.11,65.88,27.55,2.63,162.45,S
2022-06-23 06:00:00,35.05,21.37,62.38,29.0,0.54,129.0,SE
2022-06-23 07:00:00,35.3,21.73,58.88,30.53,1.04,127.38,SE
2022-06-23 08:00:00,29.75,30.94,51.28,32.85,1.64,71.48,E
2022-06-23 09:00:00,30.59,42.64,47.1,34.78,1.6,73.48,E
2022-06-23 10:00:00,32.18,53.18,43.85,35.93,2.04,60.5,NE
2022-06-23 11:00:00,32.07,63.22,40.28,37.58,2.1,66.02,NE
2022-06-23 12:00:00,42.46,61.73,43.05,36.73,2.31,61.4,NE
2022-06-23 13:00:00,50.01,56.22,43.8,37.25,2.51,61.82,NE
2022-06-23 14:00:00,48.77,55.03,46.93,35.85,2.58,65.85,NE
2022-06-23 15:00:00,45.8,53.9,50.2,34.63,2.99,73.25,E
2022-06-23 16:00:00,35.13,56.88,53.98,30.75,4.58,67.15,NE
2022-06-23 17:00:00,57.5,44.31,64.18,28.15,5.29,79.02,E
2022-06-23 18:00:00,42.72,32.52,63.7,26.98,8.93,237.48,SW
2022-06-23 19:00:00,36.13,30.25,64.4,27.15,3.58,246.28,SW
2022-06-23 20:00:00,47.22,23.27,67.45,26.7,2.02,178.68,S
2022-06-23 21:00:00,54.07,15.06,68.05,26.28,1.61,204.63,SW
2022-06-23 22:00:00,44.83,18.66,68.88,25.78,1.12,150.37,SE
2022-06-23 23:00:00,23.32,27.74,67.35,26.03,0.55,264.92,W
2022-06-24 00:00:00,19.73,28.2,65.98,25.85,0.62,228.72,SW
2022-06-24 01:00:00,15.2,29.74,66.2,25.33,1.86,217.8,SW
2022-06-24 02:00:00,10.63,30.91,64.55,24.95,1.31,187.08,S
2022-06-24 03:00:00,17.54,29.48,65.68,24.93,0.59,125.65,SE
2022-06-24 04:00:00,24.96,22.88,68.0,24.7,1.51,212.27,SW
2022-06-24 05:00:00,37.36,18.25,70.25,24.7,1.19,147.57,SE
2022-06-24 06:00:00,31.66,19.62,73.33,25.2,0.98,254.32,W
2022-06-24 07:00:00,25.64,28.33,67.18,26.85,1.55,275.82,W
2022-06-24 08:00:00,26.0,31.63,70.55,25.05,1.75,240.47,SW
2022-06-24 09:00:00,27.54,21.87,72.95,25.1,1.43,148.13,SE
2022-06-24 10:00:00,17.56,27.86,62.38,27.95,4.38,234.28,SW
2022-06-24 11:00:00,8.46,33.98,52.05,30.63,1.57,170.0,S
2022-06-24 12:00:00,12.63,54.7,52.63,31.1,2.43,146.95,SE
2022-06-24 13:00:00,24.75,53.03,55.85,30.33,2.61,126.92,SE
2022-06-24 14:00:00,25.84,48.79,58.35,29.25,5.1,53.5,NE
2022-06-24 15:00:00,25.07,48.23,58.13,28.73,5.2,56.5,NE
2022-06-24 16:00:00,24.95,48.3,58.68,28.23,6.16,57.85,NE
2022-06-24 17:00:00,25.77,44.26,59.05,27.8,5.77,63.47,NE
2022-06-24 18:00:00,25.77,43.35,61.05,26.53,6.39,73.7,E
2022-06-24 19:00:00,25.32,40.39,63.18,25.48,4.89,55.73,NE
2022-06-24 20:00:00,29.89,36.02,68.3,24.63,3.82,262.6,W
2022-06-24 21:00:00,27.38,29.8,70.8,24.28,2.6,300.98,NW
2022-06-24 22:00:00,56.02,14.16,69.2,24.0,1.48,262.38,W
2022-06-24 23:00:00,59.66,10.26,71.48,23.63,0.83,231.02,SW
2022-06-25 00:00:00,38.13,14.64,71.48,23.58,0.25,218.0,CALM
2022-06-25 01:00:00,32.92,16.33,70.93,23.85,0.48,280.12,CALM
2022-06-25 02:00:00,34.31,13.17,72.1,23.78,0.45,251.98,CALM
2022-06-25 03:00:00,41.85,9.99,73.68,23.0,0.59,152.63,SE
2022-06-25 04:00:00,46.34,6.63,76.25,22.5,0.42,140.08,CALM
2022-06-25 05:00:00,38.11,4.16,74.48,23.75,0.82,248.2,W
2022-06-25 06:00:00,25.34,15.75,65.3,26.58,0.35,266.82,CALM
2022-06-25 07:00:00,20.25,25.39,61.95,27.75,0.54,271.87,W
2022-06-25 08:00:00,12.34,35.65,56.73,29.13,1.58,104.37,E
2022-06-25 09:00:00,8.54,41.01,49.5,30.0,2.39,72.85,E
2022-06-25 10:00:00,15.12,52.05,49.55,31.33,3.11,67.25,NE
2022-06-25 11:00:00,14.57,63.59,48.75,32.5,3.18,67.97,E
2022-06-25 12:00:00,29.7,54.72,52.4,32.43,2.62,74.55,E
2022-06-25 13:00:00,30.3,53.21,53.83,31.95,3.1,74.47,E
2022-06-25 14:00:00,38.02,51.3,56.43,32.0,4.25,66.83,NE
2022-06-25 15:00:00,33.77,47.23,58.48,31.38,4.21,72.58,E
2022-06-25 16:00:00,31.7,45.35,57.98,30.88,3.87,74.63,E
2022-06-25 17:00:00,27.94,43.5,58.5,30.53,4.01,77.22,E
2022-06-25 18:00:00,27.27,43.61,57.33,29.93,3.82,71.05,E
2022-06-25 19:00:00,32.02,38.54,60.83,28.93,4.1,58.05,NE
2022-06-25 20:00:00,44.9,25.58,60.98,28.2,4.08,282.62,W
2022-06-25 21:00:00,28.52,32.52,60.55,27.58,2.58,289.72,W
2022-06-25 22:00:00,19.09,43.99,61.63,26.3,1.02,231.83,SW
2022-06-25 23:00:00,12.83,42.29,60.08,25.63,2.58,207.17,SW
2022-06-26 00:00:00,10.75,45.56,59.68,25.4,9.46,241.43,SW
2022-06-26 01:00:00,13.29,44.88,62.9,24.55,6.41,241.72,SW
2022-06-26 02:00:00,17.2,35.81,62.78,24.45,8.09,239.27,SW
2022-06-26 03:00:00,21.55,28.47,64.38,24.05,7.48,246.88,SW
2022-06-26 04:00:00,28.78,25.31,66.35,23.53,1.1,207.78,SW
2022-06-26 05:00:00,31.85,15.79,66.0,24.83,0.49,213.97,CALM
2022-06-26 06:00:00,18.88,27.86,59.88,27.65,0.69,260.57,W
2022-06-26 07:00:00,9.73,31.96,52.03,30.13,0.43,236.73,CALM
2022-06-26 08:00:00,9.63,40.6,46.48,31.68,1.64,109.83,E
2022-06-26 09:00:00,10.87,45.32,43.43,32.78,1.49,171.3,S
2022-06-26 10:00:00,21.33,55.72,46.1,33.05,2.13,137.37,SE
2022-06-26 11:00:00,17.72,53.82,43.58,33.53,2.59,116.37,SE
2022-06-26 12:00:00,17.33,52.56,39.48,34.7,4.19,51.15,NE
2022-06-26 13:00:00,20.94,63.42,38.68,35.55,3.49,67.97,E
2022-06-26 14:00:00,39.3,64.36,49.85,32.78,2.86,146.97,SE
2022-06-26 15:00:00,40.09,52.79,52.65,32.18,3.9,78.62,E
2022-06-26 16:00:00,36.9,51.09,54.9,31.53,6.05,64.33,NE
2022-06-26 17:00:00,35.82,45.95,59.48,30.1,5.51,70.82,E
2022-06-26 18:00:00,42.26,41.32,64.28,28.55,6.4,75.02,E
2022-06-26 19:00:00,42.35,38.73,69.5,27.0,4.5,162.05,S
2022-06-26 20:00:00,37.51,34.77,72.55,25.98,3.32,143.23,SE
2022-06-26 21:00:00,29.99,26.47,72.8,25.35,2.68,248.55,W
2022-06-26 22:00:00,25.68,24.89,69.08,24.98,1.84,278.77,W
2022-06-26 23:00:00,22.77,25.35,70.98,24.45,1.26,227.22,SW
2022-06-27 00:00:00,35.05,18.29,75.0,24.18,0.98,246.5,SW
2022-06-27 01:00:00,28.45,19.19,77.15,23.93,1.24,251.12,W
2022-06-27 02:00:00,23.09,24.7,77.63,23.73,0.58,189.22,S
2022-06-27 03:00:00,23.81,25.31,78.85,23.65,0.4,264.35,CALM
2022-06-27 04:00:00,33.69,20.59,80.2,23.53,1.17,238.4,SW
2022-06-27 05:00:00,24.1,18.0,74.93,24.98,1.62,230.22,SW
2022-06-27 06:00:00,22.63,23.01,67.48,27.78,0.85,233.57,SW
2022-06-27 07:00:00,27.72,28.34,67.5,28.05,0.9,163.62,S
2022-06-27 08:00:00,28.73,32.13,66.73,28.5,1.52,118.77,SE
2022-06-27 09:00:00,25.68,34.32,62.38,29.7,3.34,73.47,E
2022-06-27 10:00:00,21.13,43.6,55.45,31.4,3.39,61.23,NE
2022-06-27 11:00:00,22.89,50.75,53.43,31.55,3.54,67.15,NE
2022-06-27 12:00:00,21.71,48.83,49.58,32.63,3.85,58.37,NE
2022-06-27 13:00:00,27.67,53.06,47.65,32.98,3.08,64.83,NE
2022-06-27 14:00:00,28.9,59.98,45.98,33.55,4.5,68.55,E
2022-06-27 15:00:00,28.42,59.34,48.43,32.98,3.16,65.3,NE
2022-06-27 16:00:00,33.78,54.79,49.08,32.58,3.63,66.52,NE
2022-06-27 17:00:00,38.16,51.19,54.68,30.9,5.48,70.45,E
2022-06-27 18:00:00,43.61,42.93,59.5,29.3,4.39,75.25,E
2022-06-27 19:00:00,43.13,39.79,64.03,27.73,4.14,113.4,SE
2022-06-27 20:00:00,39.12,38.23,68.4,26.7,3.0,153.0,SE
2022-06-27 21:00:00,40.17,31.0,70.88,25.88,2.08,171.8,S
2022-06-27 22:00:00,34.46,26.05,72.35,25.4,2.07,229.37,SW
2022-06-27 23:00:00,31.45,23.63,73.9,25.18,1.47,258.32,W
2022-06-28 00:00:00,28.93,19.26,74.53,24.63,0.54,255.92,W
2022-06-28 01:00:00,21.37,21.3,74.18,24.15,0.62,230.47,SW
2022-06-28 02:00:00,22.51,19.32,75.75,24.1,0.51,258.0,W
2022-06-28 03:00:00,37.29,11.38,77.6,23.75,0.6,268.12,W
2022-06-28 04:00:00,33.91,4.06,82.55,23.68,0.56,266.78,W
2022-06-28 05:00:00,37.73,15.252999999999997,80.78,24.98,0.32,235.3,CALM
2022-06-28 06:00:00,32.85,5.02,74.2,27.05,0.63,76.38,E
2022-06-28 07:00:00,32.08,8.71,71.33,27.95,1.0,175.02,S
2022-06-28 08:00:00,27.63,26.1,67.65,29.35,2.42,67.27,NE
2022-06-28 09:00:00,18.52,36.81,62.58,30.65,2.91,63.6,NE
2022-06-28 10:00:00,16.05,43.87,55.25,32.25,3.85,62.3,NE
2022-06-28 11:00:00,18.96,50.43,52.45,33.28,4.15,59.87,NE
2022-06-28 12:00:00,17.05,53.43,49.18,33.95,4.45,67.43,NE
2022-06-28 13:00:00,24.04,56.89,47.3,33.9,4.87,66.08,NE
2022-06-28 14:00:00,25.57,55.75,45.88,33.78,5.29,72.02,E
2022-06-28 15:00:00,20.88,59.11,41.75,33.55,5.6,74.55,E
2022-06-28 16:00:00,17.52,57.6,38.68,33.78,4.96,69.27,E
2022-06-28 17:00:00,21.0,58.54,36.63,33.73,5.19,69.32,E
2022-06-28 18:00:00,31.13,55.32,38.78,32.23,3.89,109.18,E
2022-06-28 19:00:00,30.41,54.95,44.88,30.58,3.87,190.75,S
2022-06-28 20:00:00,30.9,48.93,48.7,29.53,3.65,215.12,SW
2022-06-28 21:00:00,33.79,52.29,57.1,27.2,3.99,309.02,NW
2022-06-28 22:00:00,27.02,47.03,60.48,25.23,3.04,267.7,W
2022-06-28 23:00:00,23.13,53.68,58.6,24.88,6.68,245.03,SW
2022-06-29 00:00:00,30.61,41.52,69.88,22.78,8.54,245.5,SW
2022-06-29 01:00:00,34.06,27.26,74.5,22.45,8.69,232.93,SW
2022-06-29 02:00:00,27.35,22.22,74.45,22.23,1.58,163.1,S
2022-06-29 03:00:00,24.98,19.93,74.78,22.18,1.02,268.5,W
2022-06-29 04:00:00,47.16,10.69,74.3,22.03,0.81,233.83,SW
2022-06-29 05:00:00,31.02,13.89,70.83,23.63,0.77,213.58,SW
2022-06-29 06:00:00,23.02,21.7,61.58,26.65,0.41,265.67,CALM
2022-06-29 07:00:00,17.89,25.05,55.55,29.4,1.29,174.88,S
2022-06-29 08:00:00,15.8,37.88,51.4,30.93,1.69,108.03,E
2022-06-29 09:00:00,33.79,44.54,56.0,30.78,1.99,161.65,S
2022-06-29 10:00:00,28.94,48.02,56.4,31.18,2.94,98.07,E
2022-06-29 11:00:00,29.73,47.82,52.38,32.33,4.01,65.1,NE
2022-06-29 12:00:00,22.91,48.45,50.33,32.7,4.37,71.5,E
2022-06-29 13:00:00,26.42,46.27,45.78,33.33,4.72,68.45,E
2022-06-29 14:00:00,25.82,48.16,45.13,33.1,4.59,68.32,E
2022-06-29 15:00:00,29.37,49.08,44.53,33.05,4.31,65.52,NE
2022-06-29 16:00:00,24.61,50.24,43.13,32.75,4.12,60.27,NE
2022-06-29 17:00:00,23.47,52.91,39.3,32.3,3.55,53.35,NE
2022-06-29 18:00:00,26.11,55.02,41.73,31.3,5.0,52.3,NE
2022-06-29 19:00:00,31.16,50.95,46.75,29.95,4.05,122.45,SE
2022-06-29 20:00:00,39.59,47.97,54.65,28.58,3.23,234.43,SW
2022-06-29 21:00:00,39.06,40.52,57.98,27.5,3.4,286.57,W
2022-06-29 22:00:00,33.77,34.92,57.98,26.7,2.31,228.8,SW
2022-06-29 23:00:00,25.38,37.69,56.2,26.33,2.14,256.95,W
2022-06-30 00:00:00,32.08,29.32,57.35,25.83,1.32,236.95,SW
2022-06-30 01:00:00,30.79,27.21,61.48,25.2,1.24,244.75,SW
2022-06-30 02:00:00,25.29,30.13,61.78,24.6,0.49,258.08,CALM
2022-06-30 03:00:00,41.17,20.23,63.28,24.1,0.21,252.25,CALM
2022-06-30 04:00:00,58.43,13.84,69.93,23.9,0.23,275.62,CALM
2022-06-30 05:00:00,53.48,4.9,70.08,25.3,0.3,243.05,CALM
2022-06-30 06:00:00,32.91,9.03,65.5,28.03,0.35,257.05,CALM
2022-06-30 07:00:00,32.88,12.08,62.5,29.38,0.68,235.32,SW
2022-07-01 00:00:00,32.61,30.5,55.2,26.28,0.54,263.92,W
2022-07-01 01:00:00,23.73,34.32,55.9,25.9,0.58,250.78,W
2022-07-01 02:00:00,31.49,28.23,57.28,25.33,0.75,273.68,W
2022-07-01 03:00:00,47.23,17.34,62.73,24.75,0.63,266.9,W
2022-07-01 04:00:00,57.03,10.37,63.1,24.6,1.07,250.52,W
2022-07-01 05:00:00,46.49,15.05,61.85,26.1,0.52,250.67,W
2022-07-01 06:00:00,31.33,21.87,58.08,28.6,0.6,228.22,SW
2022-07-01 07:00:00,41.02,28.87,64.73,29.7,1.04,311.38,NW
2022-07-01 08:00:00,27.16,33.71,58.65,31.53,1.58,147.18,SE
2022-07-01 09:00:00,14.48,45.2,49.88,32.65,2.28,68.3,E
2022-07-01 10:00:00,20.85,51.38,49.48,33.03,2.19,68.93,E
2022-07-01 11:00:00,25.81,53.0,49.48,33.48,2.45,62.98,NE
2022-07-01 12:00:00,27.34,54.31,49.7,33.78,3.45,56.93,NE
2022-07-01 13:00:00,31.27,55.66,51.48,33.0,3.81,71.97,E
2022-07-01 14:00:00,39.09,49.02,53.58,32.23,4.23,65.67,NE
2022-07-01 15:00:00,32.24,48.14,55.48,31.33,5.86,80.15,E
2022-07-01 16:00:00,36.49,47.09,57.28,31.35,3.99,71.4,E
2022-07-01 17:00:00,24.01,40.41,49.98,31.55,4.64,65.37,NE
2022-07-01 18:00:00,24.27,45.06,45.98,31.4,4.3,64.68,NE
2022-07-01 19:00:00,38.06,38.13,48.85,30.73,2.26,176.37,S
2022-07-01 20:00:00,71.69,39.41,62.13,29.48,1.75,249.48,W
2022-07-01 21:00:00,52.93,22.5,63.8,28.53,1.18,247.68,W
2022-07-01 22:00:00,50.15,20.48,62.6,27.9,1.31,103.37,E
2022-07-01 23:00:00,48.34,17.67,60.83,27.03,0.66,177.88,S
2022-07-02 00:00:00,32.36,22.58,59.75,26.38,0.47,269.97,CALM
2022-07-02 01:00:00,33.38,23.24,58.63,26.0,0.51,243.1,SW
2022-07-02 02:00:00,37.07,21.34,61.25,25.38,0.58,276.85,W
2022-07-02 03:00:00,35.19,21.78,64.85,24.7,1.13,246.52,SW
2022-07-02 04:00:00,51.84,9.66,68.88,24.33,0.73,252.12,W
2022-07-02 05:00:00,42.42,6.92,69.15,25.4,1.44,243.73,SW
2022-07-02 06:00:00,35.96,11.39,63.48,28.03,0.55,165.72,S
2022-07-02 07:00:00,27.95,17.75,59.35,30.1,0.82,291.42,W
2022-07-02 08:00:00,23.21,27.74,53.1,32.78,1.69,64.9,NE
2022-07-02 09:00:00,26.2,49.28,53.03,33.6,2.05,76.53,E
2022-07-02 10:00:00,25.28,56.14,52.25,34.18,1.72,146.2,SE
2022-07-02 11:00:00,24.48,59.6,48.38,34.73,2.64,59.25,NE
2022-07-02 12:00:00,30.48,59.38,48.03,35.55,3.36,60.38,NE
2022-07-02 13:00:00,23.85,60.93,46.3,35.15,3.39,53.25,NE
2022-07-02 14:00:00,25.13,61.42,45.03,35.0,3.68,72.75,E
2022-07-02 15:00:00,28.36,61.77,44.6,35.05,5.83,155.4,SE
2022-07-02 16:00:00,30.5,58.57,45.53,34.38,4.01,279.33,W
2022-07-02 17:00:00,38.19,56.03,47.33,33.93,4.92,49.2,NE
2022-07-02 18:00:00,46.31,49.68,54.48,32.28,4.0,56.63,NE
2022-07-02 19:00:00,33.99,43.74,54.85,30.88,2.82,82.03,E
2022-07-02 20:00:00,31.37,39.83,53.08,30.23,2.86,124.63,SE
2022-07-02 21:00:00,29.83,35.0,51.88,29.75,1.8,154.28,SE
2022-07-02 22:00:00,33.7,35.0,50.83,29.13,1.07,208.2,SW
2022-07-02 23:00:00,27.1,45.49,53.43,28.55,0.81,191.52,S
2022-07-03 00:00:00,34.51,37.87,55.18,28.83,0.61,271.4,W
2022-07-03 01:00:00,45.65,28.86,64.78,28.15,1.57,252.63,W
2022-07-03 02:00:00,33.2,25.27,67.4,26.93,0.7,142.2,SE
2022-07-03 03:00:00,40.88,23.73,67.45,26.28,0.7,128.02,SE
2022-07-03 04:00:00,40.36,16.99,75.48,25.38,0.26,135.85,CALM
2022-07-03 05:00:00,36.53,14.0,74.83,25.8,0.59,113.92,SE
2022-07-03 06:00:00,24.63,14.82,69.03,27.83,0.72,89.3,E
2022-07-03 07:00:00,12.09,34.18,58.18,30.05,1.28,68.93,E
2022-07-03 08:00:00,9.33,43.03,55.65,30.88,1.58,68.07,E
2022-07-03 09:00:00,12.81,47.9,55.95,31.08,3.05,75.33,E
2022-07-03 10:00:00,24.59,46.77,54.4,31.73,3.56,75.33,E
2022-07-03 11:00:00,17.6,52.96,50.4,33.28,4.39,69.67,E
2022-07-03 12:00:00,20.27,60.97,49.15,34.03,4.27,73.83,E
2022-07-03 13:00:00,21.5,63.22,46.83,34.15,4.63,64.68,NE
2022-07-03 14:00:00,25.51,63.53,47.83,33.6,5.43,59.85,NE
2022-07-03 15:00:00,23.45,63.77,46.45,33.35,4.87,70.35,E
2022-07-03 16:00:00,23.92,64.15,43.65,33.38,5.25,61.4,NE
2022-07-03 17:00:00,22.89,61.7,43.18,32.95,5.0,47.55,NE
2022-07-03 18:00:00,22.39,58.87,40.28,32.08,3.9,44.92,NE
2022-07-03 19:00:00,29.2,51.35,41.75,30.98,3.66,53.78,NE
2022-07-03 20:00:00,42.91,39.36,44.63,29.95,2.77,218.73,SW
2022-07-03 21:00:00,44.54,40.33,50.73,29.43,1.79,268.68,W
2022-07-03 22:00:00,58.24,25.19,51.38,28.68,0.49,202.32,CALM
2022-07-03 23:00:00,38.99,31.88,51.28,27.98,0.42,168.27,CALM
2022-07-04 00:00:00,35.56,27.48,55.18,27.65,0.69,249.32,W
2022-07-04 01:00:00,27.8,24.31,59.03,26.9,0.74,253.48,W
2022-07-04 02:00:00,11.29,43.4,49.85,26.83,0.94,143.73,SE
2022-07-04 03:00:00,13.79,42.48,49.88,26.35,0.93,185.58,S
2022-07-04 04:00:00,35.99,29.37,51.9,25.83,2.3,233.32,SW
2022-07-04 05:00:00,51.19,23.84,56.6,26.35,0.55,269.03,W
2022-07-04 06:00:00,35.93,30.94,53.7,28.68,0.81,250.33,W
2022-07-04 07:00:00,29.62,40.58,55.4,29.38,1.41,216.38,SW
2022-07-04 08:00:00,28.76,42.08,54.53,30.1,2.07,126.73,SE
2022-07-04 09:00:00,25.31,49.83,53.45,31.28,2.94,69.37,E
2022-07-04 10:00:00,33.5,53.26,53.15,32.1,3.98,67.28,NE
2022-07-04 11:00:00,38.8,52.65,55.73,32.28,4.07,69.07,E
2022-07-04 12:00:00,31.78,49.23,51.1,33.38,4.28,64.1,NE
2022-07-04 13:00:00,31.13,55.09,49.08,33.58,5.7,56.8,NE
2022-07-04 14:00:00,28.63,58.55,49.83,33.18,5.61,57.08,NE
2022-07-04 15:00:00,25.28,59.44,47.43,32.7,5.48,54.03,NE
2022-07-04 16:00:00,27.22,62.26,47.03,32.33,5.88,60.87,NE
2022-07-04 17:00:00,27.88,60.87,46.38,32.13,5.58,57.2,NE
2022-07-04 18:00:00,27.08,59.61,46.2,31.3,5.82,65.03,NE
2022-07-04 19:00:00,31.82,49.03,46.75,30.5,3.73,81.23,E
2022-07-04 20:00:00,44.69,39.76,48.9,29.35,3.01,196.57,S
2022-07-04 21:00:00,36.16,40.83,51.18,28.68,1.55,274.1,W
2022-07-04 22:00:00,46.62,41.23,59.38,28.2,1.42,247.87,W
2022-07-04 23:00:00,38.61,34.05,62.95,27.5,0.97,269.33,W
2022-07-05 00:00:00,30.03,28.55,62.78,26.93,1.14,108.43,E
2022-07-05 01:00:00,16.2,35.6,58.03,26.53,0.29,150.23,CALM
2022-07-05 02:00:00,9.33,37.63,48.45,25.88,0.34,229.27,CALM
2022-07-05 03:00:00,18.27,34.34,48.43,25.1,2.03,233.68,SW
2022-07-05 04:00:00,61.66,20.21,57.93,24.68,0.46,262.02,CALM
2022-07-05 05:00:00,55.43,16.57,58.3,25.83,0.52,238.58,SW
2022-07-05 06:00:00,28.31,33.09,55.53,28.45,0.7,246.3,SW
2022-07-05 07:00:00,23.92,37.76,52.63,30.28,1.13,280.4,W
2022-07-13 18:00:00,16.09,51.16,30.58,29.3,2.5,131.5,SE
2022-07-13 19:00:00,19.03,46.28,31.55,28.25,3.49,108.85,E
2022-07-14 13:00:00,30.32,63.02,36.65,32.05,5.04,71.92,E
2022-07-14 14:00:00,27.9,60.1,35.78,31.85,4.1,73.8,E
2022-07-14 15:00:00,30.71,59.77,36.38,31.7,5.15,75.82,E
2022-07-14 16:00:00,35.64,53.07,37.4,31.6,4.41,78.3,E
2022-07-14 17:00:00,28.81,52.38,36.35,31.43,3.77,76.07,E
2022-07-14 18:00:00,39.97,41.82,35.18,30.55,2.75,70.13,E
2022-07-14 19:00:00,58.51,30.44,38.35,28.85,1.81,71.25,E
2022-07-14 20:00:00,56.31,28.56,40.0,27.28,0.8,75.68,E
2022-07-14 21:00:00,36.9,33.44,40.45,26.63,0.72,265.07,W
2022-07-14 22:00:00,45.73,29.35,42.03,26.28,0.9,251.1,W
2022-07-14 23:00:00,66.02,18.38,46.4,25.4,0.77,249.87,W
2022-07-15 00:00:00,54.47,17.18,50.4,24.4,0.56,246.53,SW
2022-07-15 01:00:00,45.78,10.54,54.83,23.55,0.35,249.0,CALM
2022-07-15 02:00:00,43.84,11.01,56.13,22.85,0.78,232.93,SW
2022-07-15 03:00:00,43.14,11.54,56.55,22.3,0.67,224.5,SW
2022-07-15 04:00:00,56.62,7.23,57.7,21.88,0.7,241.73,SW
2022-07-15 05:00:00,59.15,5.01,57.5,23.4,0.58,242.25,SW
2022-07-15 06:00:00,51.26,10.35,58.4,26.15,0.51,242.77,SW
2022-07-15 07:00:00,48.84,11.77,57.85,27.23,0.6,210.73,SW
2022-07-15 08:00:00,37.28,25.69,54.23,28.88,1.88,70.13,E
2022-07-15 09:00:00,22.72,34.57,52.58,30.28,1.75,57.7,NE
2022-07-15 10:00:00,24.52,46.48,47.48,31.7,2.4,64.48,NE
2022-07-15 11:00:00,22.56,52.95,45.55,33.08,3.08,70.47,E
2022-07-15 12:00:00,14.94,59.27,39.45,34.15,3.24,63.45,NE
2022-07-15 13:00:00,16.27,64.76,36.8,34.38,3.15,68.78,E
2022-07-15 14:00:00,25.27,69.85,37.2,34.05,3.84,74.92,E
2022-07-15 15:00:00,41.0,58.11,38.68,33.3,3.97,58.12,NE
2022-07-15 16:00:00,36.44,54.63,39.6,33.05,4.02,73.02,E
2022-07-15 17:00:00,33.93,50.26,37.03,32.5,4.22,70.7,E
2022-07-15 18:00:00,28.45,53.47,36.03,31.25,3.49,62.6,NE
2022-07-15 19:00:00,38.49,46.2,38.6,29.98,3.14,77.37,E
2022-07-15 20:00:00,35.44,47.29,41.08,28.38,2.49,153.17,SE
2022-07-15 21:00:00,28.72,51.62,41.15,27.68,1.95,242.27,SW
2022-07-15 22:00:00,26.55,52.24,41.5,27.45,1.77,244.57,SW
2022-07-15 23:00:00,41.27,38.67,44.33,26.95,2.68,239.05,SW
2022-07-16 00:00:00,43.74,34.63,46.83,26.03,1.65,242.93,SW
2022-07-16 01:00:00,42.25,32.34,50.73,25.2,0.45,277.82,CALM
2022-07-16 02:00:00,42.06,25.8,53.48,24.35,0.7,255.07,W
2022-07-16 03:00:00,50.07,19.22,56.33,23.63,0.46,247.75,CALM
2022-07-16 04:00:00,57.95,10.7,60.1,23.15,0.65,242.18,SW
2022-07-16 05:00:00,54.56,9.71,60.8,24.38,0.52,246.18,SW
2022-07-16 06:00:00,38.22,12.71,61.38,26.65,0.55,252.92,W
2022-07-16 07:00:00,29.82,11.9,56.63,28.45,0.65,198.22,S
2022-07-16 08:00:00,31.48,24.79,52.3,29.98,1.29,87.68,E
2022-07-16 09:00:00,28.28,40.37,52.85,31.33,1.94,63.73,NE
2022-07-16 10:00:00,25.1,50.02,47.2,33.5,2.33,54.43,NE
2022-07-16 11:00:00,27.92,59.31,46.38,34.8,2.76,62.78,NE
2022-07-16 12:00:00,26.69,61.75,44.35,35.63,3.01,66.05,NE
2022-07-16 13:00:00,21.2,64.94,39.53,35.98,4.01,69.02,E
2022-07-16 14:00:00,16.68,68.35,35.13,36.25,4.01,70.3,E
2022-07-16 15:00:00,14.21,67.61,29.9,36.1,3.77,71.35,E
2022-07-16 16:00:00,28.73,71.45,33.15,35.63,3.45,65.42,NE
2022-07-16 17:00:00,25.09,68.46,33.98,34.9,3.37,65.98,NE
2022-07-16 18:00:00,31.53,62.53,31.93,33.93,2.66,71.83,E
2022-07-16 19:00:00,40.3,51.45,35.63,32.05,2.17,52.08,NE
2022-07-16 20:00:00,30.14,54.52,35.73,30.63,1.73,252.4,W
2022-07-16 21:00:00,25.0,56.6,34.7,30.15,2.32,239.52,SW
2022-07-16 22:00:00,28.57,51.92,34.43,29.75,2.45,243.63,SW
2022-07-16 23:00:00,40.32,39.86,37.3,28.8,2.06,247.6,W
2022-07-17 00:00:00,51.76,28.0,42.73,27.63,1.71,246.78,SW
2022-07-17 01:00:00,44.69,25.08,45.78,26.48,0.53,238.58,SW
2022-07-17 02:00:00,45.44,26.44,47.15,25.6,0.2,247.93,CALM
2022-07-17 03:00:00,60.05,18.13,55.13,25.0,0.8,273.37,W
2022-07-17 04:00:00,60.16,10.89,60.65,24.48,0.55,253.47,W
2022-07-17 05:00:00,48.56,13.02,64.65,25.18,0.27,224.0,CALM
2022-07-17 06:00:00,37.58,13.78,58.7,28.25,0.3,230.08,CALM
2022-07-17 07:00:00,28.46,25.03,51.58,30.9,0.93,105.6,E
2022-07-17 08:00:00,18.18,41.31,45.18,33.0,1.29,95.13,E
2022-07-17 09:00:00,11.98,57.92,38.2,35.8,1.72,65.62,NE
2022-07-17 10:00:00,13.52,68.77,34.15,37.55,2.6,116.35,SE
2022-07-17 11:00:00,31.43,78.83,35.83,37.08,2.59,179.87,S
2022-07-17 12:00:00,31.36,70.83,38.9,35.25,2.37,137.07,SE
2022-07-17 13:00:00,38.13,70.84,39.15,35.85,4.86,75.87,E
2022-07-17 14:00:00,32.36,70.53,39.6,35.15,5.41,71.48,E
2022-07-17 15:00:00,29.95,72.82,38.5,35.1,4.86,57.77,NE
2022-07-17 16:00:00,41.19,66.74,42.43,34.35,4.96,39.47,NE
2022-07-17 17:00:00,48.99,61.84,48.93,32.6,5.2,77.38,E
2022-07-17 18:00:00,47.62,48.26,52.8,31.1,4.36,73.18,E
2022-07-17 19:00:00,41.34,46.57,53.25,30.38,4.4,67.8,E
2022-07-17 20:00:00,71.36,26.99,55.85,29.35,2.07,80.18,E
2022-07-17 21:00:00,81.66,17.89,58.15,28.4,1.9,208.82,SW
2022-07-17 22:00:00,67.45,19.96,60.45,27.9,0.73,252.82,W
2022-07-17 23:00:00,25.75,30.71,55.73,27.53,0.34,275.37,CALM
2022-07-18 00:00:00,12.86,39.25,48.23,27.7,0.45,217.2,CALM
2022-07-18 01:00:00,9.84,46.88,43.95,27.7,0.9,235.1,SW
2022-07-18 02:00:00,10.2,47.09,43.78,27.25,1.75,223.3,SW
2022-07-18 03:00:00,20.41,44.22,47.08,26.8,3.64,215.98,SW
2022-07-18 04:00:00,29.3,41.0,53.48,26.58,1.68,217.12,SW
2022-07-18 05:00:00,24.64,35.93,51.4,26.68,1.55,122.17,SE
2022-07-18 06:00:00,13.75,37.89,40.0,27.88,1.14,133.77,SE
2022-07-18 07:00:00,10.95,45.36,35.9,29.05,2.25,156.17,SE
2022-07-18 08:00:00,11.25,53.29,34.33,30.88,2.94,217.23,SW
2022-07-18 09:00:00,13.37,63.24,31.8,32.98,2.47,124.62,SE
2022-07-18 10:00:00,19.31,70.46,33.55,32.55,3.62,234.68,SW
2022-07-18 11:00:00,23.36,71.52,34.88,32.65,3.49,124.17,SE
2022-07-18 12:00:00,30.9,70.86,37.53,32.73,5.29,65.48,NE
2022-07-18 13:00:00,32.26,68.31,38.83,33.05,5.38,68.3,E
2022-07-18 14:00:00,33.4,67.46,40.95,32.2,5.42,70.88,E
2022-07-18 15:00:00,31.46,60.77,40.3,31.45,5.36,60.87,NE
2022-07-18 16:00:00,29.38,62.16,42.0,31.0,6.41,68.08,E
2022-07-18 17:00:00,34.08,58.29,47.05,29.85,6.53,75.93,E
2022-07-18 18:00:00,39.21,51.99,52.15,28.4,5.63,85.78,E
2022-07-18 19:00:00,41.09,45.48,55.0,27.38,5.15,128.45,SE
2022-07-18 20:00:00,40.28,33.73,55.53,26.55,3.64,136.7,SE
2022-07-18 21:00:00,38.68,27.69,55.25,25.75,2.4,201.27,S
2022-07-18 22:00:00,41.28,30.08,59.95,25.45,0.9,260.43,W
2022-07-18 23:00:00,25.93,34.53,57.78,25.53,0.65,265.5,W
2022-07-19 00:00:00,20.0,38.09,56.63,25.25,0.58,138.57,SE
2022-07-19 01:00:00,20.04,34.37,56.75,24.68,1.17,102.83,E
2022-07-19 02:00:00,21.0,35.23,61.3,24.15,1.63,71.68,E
2022-07-19 03:00:00,26.43,30.75,62.18,24.13,0.76,245.22,SW
2022-07-19 04:00:00,30.98,23.72,66.18,23.93,1.21,249.72,W
2022-07-19 05:00:00,37.35,19.24,67.58,23.93,1.42,195.15,S
2022-07-19 06:00:00,26.3,18.61,65.03,24.23,0.78,93.13,E
2022-07-19 07:00:00,28.07,23.28,64.5,24.78,2.07,69.58,E
2022-07-19 08:00:00,22.83,28.27,60.95,25.8,1.86,60.23,NE
2022-07-19 09:00:00,17.44,36.48,54.48,27.88,2.79,63.55,NE
2022-07-19 10:00:00,14.76,42.38,51.7,28.33,3.82,66.98,NE
2022-07-19 11:00:00,24.81,46.89,53.35,28.7,4.51,71.35,E
2022-07-19 12:00:00,24.82,46.08,54.45,28.75,4.7,69.47,E
2022-07-19 13:00:00,24.21,48.96,51.65,29.93,4.81,61.27,NE
2022-07-19 14:00:00,26.17,51.31,52.6,30.0,5.83,71.08,E
2022-07-19 15:00:00,21.89,49.17,50.45,29.63,5.33,72.22,E
2022-07-19 16:00:00,18.59,52.68,47.2,29.65,6.08,71.67,E
2022-07-19 17:00:00,21.82,49.66,46.68,29.38,5.02,50.13,NE
2022-07-19 18:00:00,22.6,49.46,45.18,28.73,4.88,75.05,E
2022-07-19 19:00:00,29.43,42.76,47.13,27.53,3.39,89.18,E
2022-07-19 20:00:00,29.8,40.61,50.3,26.53,3.13,224.83,SW
2022-07-19 21:00:00,31.73,31.45,49.23,25.85,1.78,269.1,W
2022-07-19 22:00:00,33.36,27.45,49.45,24.98,0.92,247.78,W
2022-07-19 23:00:00,23.6,31.82,48.88,24.15,0.79,257.77,W
2022-07-20 00:00:00,26.73,27.63,49.7,23.58,0.92,254.87,W
2022-07-20 01:00:00,29.16,27.13,54.68,23.05,0.79,244.93,SW
2022-07-20 02:00:00,37.93,22.87,60.0,22.33,0.42,245.05,CALM
2022-07-20 03:00:00,44.47,18.88,62.5,21.93,0.85,253.62,W
2022-07-20 04:00:00,51.95,12.78,59.65,21.9,0.57,244.38,SW
2022-07-20 05:00:00,41.45,5.98,60.98,23.18,0.56,249.63,W
2022-07-20 06:00:00,31.94,12.54,55.05,26.08,0.67,246.7,SW
2022-07-20 07:00:00,31.14,23.69,52.9,27.75,0.86,191.92,S
2022-07-20 08:00:00,25.63,36.29,53.38,28.35,1.49,69.98,E
2022-07-20 09:00:00,22.88,41.48,51.68,28.8,2.58,67.08,NE
2022-07-20 10:00:00,19.58,45.69,49.25,30.05,4.36,70.42,E
2022-07-20 11:00:00,17.08,49.39,44.88,31.53,5.11,68.67,E
2022-07-20 12:00:00,17.5,51.07,40.08,33.08,4.62,75.55,E
2022-07-20 13:00:00,18.38,60.86,38.53,33.58,4.51,75.92,E
2022-07-20 14:00:00,29.66,60.21,41.0,32.55,3.36,95.17,E
2022-07-20 15:00:00,29.38,57.3,41.8,32.13,4.41,79.68,E
2022-07-20 16:00:00,32.57,55.47,43.08,31.7,5.37,69.28,E
2022-07-20 17:00:00,25.25,54.92,38.73,31.35,4.08,74.42,E
2022-07-20 18:00:00,22.23,53.72,38.08,30.45,4.2,46.93,NE
2022-07-20 19:00:00,33.63,42.48,39.38,29.13,2.79,83.68,E
2022-07-20 20:00:00,51.44,31.76,42.53,27.53,2.47,289.3,W
2022-07-20 21:00:00,67.01,24.68,44.3,26.48,1.85,276.3,W
2022-07-20 22:00:00,61.51,21.84,46.15,25.83,1.06,251.53,W
2022-07-20 23:00:00,57.66,21.05,47.8,25.13,0.46,249.92,CALM
2022-07-21 00:00:00,44.51,23.71,50.33,24.35,0.19,226.0,CALM
2022-07-21 01:00:00,29.97,27.12,51.28,23.88,0.81,240.75,SW
2022-07-21 02:00:00,28.8,26.05,52.48,23.38,0.7,250.17,W
2022-07-21 03:00:00,48.37,16.88,59.05,22.85,0.56,251.97,W
2022-07-21 04:00:00,59.51,7.19,65.48,22.48,0.91,242.5,SW
2022-07-21 05:00:00,60.3,3.38,64.93,23.38,0.74,246.77,SW
2022-07-21 06:00:00,34.0,9.49,56.03,27.1,0.48,247.83,CALM
2022-07-21 07:00:00,37.62,21.99,51.1,28.85,0.52,241.83,SW
2022-07-21 08:00:00,33.6,25.37,53.3,29.33,0.72,115.33,SE
2022-07-21 09:00:00,29.91,37.6,52.63,30.4,2.29,69.2,E
2022-07-21 10:00:00,29.85,43.83,50.53,31.73,2.97,71.4,E
2022-07-21 11:00:00,31.24,48.06,48.58,32.9,3.01,72.9,E
2022-07-21 12:00:00,24.8,52.14,44.95,34.2,3.65,64.05,NE
2022-07-21 13:00:00,15.93,56.31,36.6,34.85,3.31,57.78,NE
2022-07-21 14:00:00,22.73,60.81,37.38,34.33,4.28,69.55,E
2022-07-21 15:00:00,23.64,61.86,36.1,34.33,4.87,67.17,NE
2022-07-21 16:00:00,27.27,51.99,30.08,35.48,5.24,75.68,E
2022-07-21 17:00:00,36.09,63.56,35.03,34.78,3.26,81.28,E
2022-07-21 18:00:00,35.14,56.69,35.85,33.03,1.8,75.08,E
2022-07-21 19:00:00,42.69,46.49,35.75,31.6,2.47,118.58,SE
2022-07-21 20:00:00,52.81,35.11,37.75,30.4,2.04,291.6,W
2022-07-21 21:00:00,58.74,29.72,38.98,29.28,1.59,253.18,W
2022-07-21 22:00:00,40.92,37.41,39.28,28.45,0.82,278.87,W
2022-07-21 23:00:00,26.31,46.23,38.68,28.28,1.05,264.33,W
2022-07-22 00:00:00,30.98,38.15,40.4,27.68,1.51,244.6,SW
2022-07-22 01:00:00,37.23,30.22,44.83,26.65,1.72,247.68,W
2022-07-22 02:00:00,28.11,32.68,46.08,25.85,0.68,244.0,SW
2022-07-22 03:00:00,32.35,27.77,48.33,25.63,0.88,248.52,W
2022-07-22 04:00:00,61.1,17.38,50.08,25.23,0.62,217.65,SW
2022-07-22 05:00:00,75.02,11.19,54.0,25.9,0.4,253.57,CALM
2022-07-22 06:00:00,48.81,17.14,54.58,29.15,0.55,245.05,SW
2022-07-22 07:00:00,36.51,28.27,50.5,30.35,0.34,267.9,CALM
2022-07-22 08:00:00,36.98,32.62,46.0,31.88,0.72,93.43,E
2022-07-22 09:00:00,27.94,52.08,42.23,32.95,1.85,68.72,E
2022-07-22 10:00:00,23.86,63.84,40.08,35.18,1.83,63.93,NE
2022-07-22 11:00:00,35.44,69.0,41.35,36.35,2.54,66.33,NE
2022-07-22 12:00:00,29.07,71.41,37.28,36.48,1.82,84.87,E
2022-07-22 13:00:00,51.34,77.06,42.53,36.28,2.84,58.47,NE
2022-07-22 14:00:00,35.66,68.39,41.0,35.93,4.0,67.05,NE
2022-07-22 15:00:00,39.63,63.1,39.03,36.1,3.9,60.82,NE
2022-07-22 16:00:00,41.14,61.59,41.48,35.53,4.35,59.53,NE
2022-07-22 17:00:00,43.23,59.96,43.35,34.6,3.9,57.53,NE
2022-07-22 18:00:00,46.82,54.5,46.85,33.03,4.02,63.25,NE
2022-07-22 19:00:00,64.88,36.21,50.2,31.7,2.97,112.22,E
2022-07-22 20:00:00,76.36,22.53,51.0,30.55,2.08,181.15,S
2022-07-22 21:00:00,74.58,21.84,54.65,29.75,0.56,199.73,S
2022-07-22 22:00:00,55.62,24.44,58.23,29.38,0.55,266.97,W
2022-07-22 23:00:00,53.08,34.91,63.58,28.23,0.4,223.63,CALM
2022-07-23 00:00:00,58.75,18.99,66.6,27.13,0.95,102.53,E
2022-07-23 01:00:00,33.73,22.53,65.25,26.58,1.38,88.85,E
2022-07-23 02:00:00,34.1,21.11,66.05,25.88,0.46,234.32,CALM
2022-07-23 03:00:00,48.32,18.31,69.05,25.35,0.66,203.58,SW
2022-07-23 04:00:00,37.16,14.0,73.43,25.13,0.6,255.93,W
2022-07-23 05:00:00,37.74,18.87,74.35,25.53,0.5,246.3,SW
2022-07-23 06:00:00,32.66,18.46,71.98,27.25,0.49,99.5,CALM
2022-07-23 07:00:00,27.5,22.75,65.5,29.63,1.09,81.68,E
2022-07-23 08:00:00,14.79,39.2,57.58,31.3,1.26,75.75,E
2022-07-23 09:00:00,10.3,48.32,48.75,32.9,1.46,88.6,E
2022-07-23 10:00:00,11.09,54.89,42.93,33.53,1.87,72.47,E
2022-07-23 11:00:00,14.75,61.11,41.7,34.4,2.56,68.9,E
2022-07-23 12:00:00,21.03,63.32,40.75,35.05,2.91,64.17,NE
2022-07-23 13:00:00,25.69,64.08,38.13,36.63,2.96,65.72,NE
2022-07-23 14:00:00,31.17,67.0,37.4,36.75,2.9,87.07,E
2022-07-23 15:00:00,37.66,66.11,39.8,36.13,2.18,80.13,E
2022-07-23 16:00:00,41.5,59.4,40.38,35.68,1.96,60.3,NE
2022-07-23 17:00:00,54.72,55.44,44.25,34.88,2.02,80.68,E
2022-07-23 18:00:00,70.44,47.28,51.18,32.98,1.53,71.57,E
2022-07-23 19:00:00,78.84,38.02,57.7,31.38,1.33,67.3,NE
2022-07-23 20:00:00,87.79,15.41,55.85,29.93,0.69,80.07,E
2022-07-23 21:00:00,77.52,15.79,57.5,28.7,0.59,84.92,E
2022-07-23 22:00:00,48.2,20.7,53.98,28.08,0.49,239.08,CALM
2022-07-23 23:00:00,37.98,26.03,50.33,27.58,0.63,246.93,SW
2022-07-24 00:00:00,51.76,21.54,56.25,27.15,0.78,244.28,SW
2022-07-24 01:00:00,38.62,25.19,54.43,26.43,0.37,259.7,CALM
2022-07-24 02:00:00,35.92,25.51,58.63,25.85,0.49,260.0,CALM
2022-07-24 03:00:00,31.33,23.95,57.55,25.48,1.08,241.13,SW
2022-07-24 04:00:00,40.13,20.34,57.93,25.1,0.95,245.7,SW
2022-07-24 05:00:00,44.26,15.97,64.33,25.73,0.72,242.55,SW
2022-07-24 06:00:00,27.28,16.87,63.93,27.9,0.39,243.22,CALM
2022-07-24 07:00:00,26.15,18.22,60.83,29.58,0.28,124.98,CALM
2022-07-24 08:00:00,30.21,26.71,58.8,31.55,1.41,76.68,E
2022-07-24 09:00:00,23.72,39.42,51.55,33.4,1.42,71.38,E
2022-07-24 10:00:00,15.87,58.61,45.05,35.15,1.7,71.87,E
2022-07-24 11:00:00,21.16,63.33,41.8,36.45,1.69,69.7,E
2022-07-24 12:00:00,35.82,66.47,44.43,36.8,1.88,57.98,NE
2022-07-24 13:00:00,41.04,64.13,45.83,36.48,2.23,63.7,NE
2022-07-24 14:00:00,37.77,61.58,46.18,35.85,2.68,83.68,E
2022-07-24 15:00:00,43.23,58.18,51.1,34.75,3.17,86.32,E
2022-07-24 16:00:00,31.79,55.51,47.98,33.9,3.7,57.47,NE
2022-07-24 17:00:00,29.99,52.98,45.48,33.78,3.82,78.58,E
2022-07-24 18:00:00,33.54,51.35,43.9,33.0,5.18,81.45,E
2022-07-24 19:00:00,46.24,41.58,47.23,32.1,2.91,57.87,NE
2022-07-24 20:00:00,51.57,42.2,54.9,30.9,1.45,152.65,SE
2022-07-24 21:00:00,34.33,35.66,54.33,30.1,1.2,200.43,S
2022-07-24 22:00:00,18.99,49.52,46.25,30.58,0.98,61.4,NE
2022-07-24 23:00:00,21.25,59.63,48.45,29.88,1.7,164.12,S
2022-07-25 00:00:00,28.79,51.9,57.15,27.1,2.02,163.35,S
2022-07-25 01:00:00,31.69,40.7,58.35,26.83,4.71,155.78,SE
2022-07-25 02:00:00,25.72,40.77,57.35,26.78,4.52,168.97,S
2022-07-25 03:00:00,21.83,46.77,54.45,27.03,1.32,110.25,E
2022-07-25 04:00:00,18.43,47.51,52.23,27.18,1.59,166.47,S
2022-07-25 05:00:00,20.98,46.48,51.85,27.18,2.19,208.07,SW
2022-07-25 06:00:00,23.61,42.78,49.8,28.73,2.79,204.28,SW
2022-07-25 07:00:00,18.48,50.3,45.8,31.23,2.33,211.47,SW
2022-07-25 08:00:00,17.28,57.98,42.78,32.75,1.17,180.68,S
2022-07-25 09:00:00,14.14,63.34,38.7,35.25,2.33,155.15,SE
2022-07-25 10:00:00,18.61,74.38,34.25,37.2,3.46,161.57,S
2022-07-25 11:00:00,37.8,86.68,34.65,37.95,1.94,178.73,S
2022-07-25 12:00:00,44.48,81.84,41.05,35.93,2.34,126.87,SE
2022-07-25 13:00:00,41.78,71.01,40.88,35.53,3.2,76.22,E
2022-07-25 14:00:00,39.09,74.11,40.53,35.68,6.06,73.58,E
2022-07-25 15:00:00,38.49,75.93,41.93,35.23,4.13,70.75,E
2022-07-25 16:00:00,39.64,72.31,44.38,34.38,5.15,62.22,NE
2022-07-25 17:00:00,42.56,65.32,46.78,33.55,4.68,75.03,E
2022-07-25 18:00:00,47.25,57.87,51.43,31.83,4.83,120.32,SE
2022-07-25 19:00:00,45.75,54.59,55.88,29.93,3.24,174.25,S
2022-07-25 20:00:00,48.13,46.16,59.4,28.48,2.7,191.62,S
2022-07-25 21:00:00,36.45,44.53,60.23,27.43,2.43,223.65,SW
2022-07-25 22:00:00,36.85,38.77,59.35,27.13,1.86,230.35,SW
2022-07-25 23:00:00,46.07,30.64,60.58,26.6,1.72,236.15,SW
2022-07-26 00:00:00,40.25,31.09,63.23,26.05,0.61,252.12,W
2022-07-26 01:00:00,29.81,32.91,64.03,25.8,0.23,282.75,CALM
2022-07-26 02:00:00,38.59,27.79,70.43,25.68,0.17,270.95,CALM
2022-07-26 03:00:00,43.11,14.31,73.68,25.28,0.5,274.1,W
2022-07-26 04:00:00,47.55,11.91,74.65,24.75,0.99,108.87,E
2022-07-26 05:00:00,35.88,9.32,76.65,25.38,0.28,196.42,CALM
2022-07-26 06:00:00,29.03,18.11,68.45,27.68,0.89,206.7,SW
2022-07-26 07:00:00,29.45,25.78,65.13,28.93,0.45,142.25,CALM
2022-07-26 08:00:00,21.46,32.09,59.9,30.7,1.18,82.98,E
2022-07-26 09:00:00,10.35,56.34,48.0,32.88,2.01,68.38,E
2022-07-26 10:00:00,23.45,64.22,49.5,33.03,1.6,83.22,E
2022-07-26 11:00:00,32.66,63.3,53.63,33.3,2.33,68.68,E
2022-07-26 12:00:00,34.09,63.46,53.63,33.93,3.13,64.18,NE
2022-07-26 13:00:00,36.55,60.78,54.88,33.3,3.14,76.8,E
2022-07-26 14:00:00,41.95,56.89,58.7,32.35,3.05,87.37,E
2022-07-26 15:00:00,35.83,51.06,58.58,32.03,4.35,82.22,E
2022-07-26 16:00:00,30.66,54.31,55.28,31.63,5.38,77.45,E
2022-07-26 17:00:00,28.77,51.52,56.13,30.68,4.76,67.97,E
2022-07-26 18:00:00,34.51,49.14,61.13,29.53,6.58,70.63,E
2022-07-26 19:00:00,36.9,39.45,60.55,28.65,4.6,65.57,NE
2022-07-26 20:00:00,51.54,30.89,62.5,27.85,3.4,69.62,E
2022-07-26 21:00:00,60.34,21.01,64.85,27.13,1.6,106.62,E
2022-07-26 22:00:00,71.39,16.52,64.9,26.65,1.38,235.73,SW
2022-07-26 23:00:00,33.89,31.99,65.78,26.15,0.21,313.05,CALM
2022-07-27 00:00:00,22.57,37.9,64.4,26.03,0.22,258.08,CALM
2022-07-27 01:00:00,20.09,31.1,64.35,26.2,0.51,262.1,W
2022-07-27 02:00:00,22.38,15.37,67.8,25.83,0.64,248.67,W
2022-07-27 03:00:00,39.98,14.13,66.73,24.83,0.8,171.35,S
2022-07-27 04:00:00,47.14,9.66,63.28,24.28,0.48,188.52,CALM
2022-07-27 05:00:00,52.74,8.21,59.1,25.0,0.65,242.6,SW
2022-07-27 06:00:00,41.87,17.33,58.6,28.05,0.7,252.92,W
2022-07-27 07:00:00,39.43,17.49,63.68,29.43,0.36,248.28,CALM
2022-07-27 08:00:00,36.51,28.09,59.9,31.03,1.12,167.38,S
2022-07-27 09:00:00,26.95,42.22,56.53,32.55,1.72,67.5,NE
2022-07-27 10:00:00,23.75,52.88,51.6,34.13,2.58,52.73,NE
2022-07-27 11:00:00,21.37,57.47,47.58,34.63,2.49,75.67,E
2022-07-27 12:00:00,16.54,57.77,41.05,36.15,3.26,59.78,NE
2022-07-27 13:00:00,26.52,65.69,39.28,36.45,4.29,66.23,NE
2022-07-27 14:00:00,33.57,67.68,40.3,35.83,3.31,55.3,NE
2022-07-27 15:00:00,30.51,67.25,38.63,35.28,3.6,57.65,NE
2022-07-27 16:00:00,38.07,67.13,42.83,34.48,4.2,65.15,NE
2022-07-27 17:00:00,36.34,64.25,42.55,33.85,5.47,70.18,E
2022-07-27 18:00:00,39.64,56.77,44.15,32.88,5.0,72.07,E
2022-07-27 19:00:00,36.9,50.85,45.4,31.68,3.84,87.82,E
2022-07-27 20:00:00,52.54,38.1,48.25,30.8,2.39,175.2,S
2022-07-27 21:00:00,48.48,44.34,56.33,29.75,1.52,158.9,S
2022-07-27 22:00:00,73.88,20.6,55.98,28.95,0.21,266.45,CALM
2022-07-27 23:00:00,68.19,20.2,56.23,28.25,0.71,71.3,E
2022-07-28 00:00:00,48.12,24.35,57.28,28.08,0.29,257.48,CALM
2022-07-28 01:00:00,23.91,43.0,55.85,28.25,0.73,257.47,W
2022-07-28 02:00:00,22.72,48.43,55.25,28.2,0.36,260.32,CALM
2022-07-28 03:00:00,21.09,48.31,54.5,28.03,4.79,222.32,SW
2022-07-28 04:00:00,24.88,46.55,55.0,27.83,5.99,218.6,SW
2022-07-28 05:00:00,28.5,41.72,53.93,28.68,3.84,212.1,SW
2022-07-28 06:00:00,26.64,40.07,50.08,30.4,2.27,227.35,SW
2022-07-28 07:00:00,29.5,46.41,45.93,32.58,3.13,167.78,S
2022-07-28 08:00:00,20.11,55.8,41.35,34.93,2.37,176.08,S
2022-07-28 09:00:00,37.66,68.03,45.3,34.88,2.79,74.18,E
2022-07-28 10:00:00,43.02,61.69,50.43,34.68,3.22,97.02,E
2022-07-28 11:00:00,37.39,64.09,48.38,35.13,5.41,65.53,NE
2022-07-28 12:00:00,37.13,72.18,45.7,36.33,4.81,57.33,NE
2022-07-28 13:00:00,34.43,68.21,44.13,35.9,4.62,68.83,E
2022-07-28 14:00:00,30.86,66.76,41.35,35.63,4.19,66.85,NE
2022-07-28 15:00:00,37.07,65.78,42.05,35.3,5.09,63.88,NE
2022-07-28 16:00:00,42.98,64.27,45.48,34.48,4.35,63.67,NE
2022-07-28 17:00:00,37.85,59.76,47.55,32.9,3.42,72.33,E
2022-07-28 18:00:00,39.96,50.19,43.9,32.33,3.74,68.65,E
2022-07-28 19:00:00,58.48,34.67,42.98,31.53,3.37,74.72,E
2022-07-28 20:00:00,82.6,24.41,43.18,30.7,1.69,112.98,SE
2022-07-28 21:00:00,65.25,32.08,45.53,30.38,0.43,243.12,CALM
2022-07-28 22:00:00,35.25,46.93,48.85,30.23,0.37,257.4,CALM
2022-07-28 23:00:00,35.91,36.72,54.95,29.53,0.45,214.07,CALM
2022-07-29 00:00:00,37.56,34.66,54.58,28.53,1.25,176.77,S
2022-07-29 01:00:00,40.2,29.63,62.28,27.8,0.67,238.22,SW
2022-07-29 02:00:00,31.5,24.24,62.85,26.95,0.75,269.75,W
2022-07-29 03:00:00,31.88,22.32,61.45,26.43,0.95,188.67,S
2022-07-29 04:00:00,41.92,22.99,62.18,26.13,0.69,264.97,W
2022-07-29 05:00:00,58.15,15.42,62.03,26.9,0.42,276.3,CALM
2022-07-29 06:00:00,31.94,25.96,57.63,29.35,0.73,258.35,W
2022-07-29 07:00:00,25.66,32.27,57.83,30.4,1.17,273.5,W
